slideUpdate/104,1457845624768,alice,104,1
slideUpdate/104,1457845625482,alice,104,0
slideUpdate/104,1457845785822,alice,104,1
slideUpdate/104,1457845800529,alice,104,2
slideUpdate/104,1457845811379,alice,104,3
slideUpdate/104,1457845819360,alice,104,4
slideUpdate/104,1457845825185,alice,104,5
slideUpdate/104,1457845859203,alice,104,6
slideUpdate/104,1457845867417,alice,104,7
slideUpdate/104,1457845874019,alice,104,8
slideUpdate/104,1457845900542,alice,104,9
slideUpdate/104,1457845906870,alice,104,10
slideUpdate/104,1457845910660,alice,104,11
slideUpdate/104,1457845915055,alice,104,12
slideUpdate/104,1457845945808,alice,104,13
slideUpdate/104,1457845966293,alice,104,14
slideUpdate/104,1457845972150,alice,104,15
slideUpdate/104,1457845993015,alice,104,16
slideUpdate/104,1457846028736,alice,104,17
slideUpdate/104,1457846065120,alice,104,18
slideUpdate/104,1457846107603,alice,104,19
slideUpdate/104,1457846135099,alice,104,20
slideUpdate/104,1457846161726,alice,104,21
slideUpdate/104,1457846197115,alice,104,22
slideUpdate/104,1457846213595,alice,104,23
