face-count,1457845656938,bob,1,112,112,192,59
face-count,1457845657443,bob,1,94,94,144,93
face-count,1457845657965,bob,1,84,84,132,112
face-count,1457845658481,bob,1,89,89,135,112
face-count,1457845658991,bob,1,97,97,139,110
face-count,1457845659507,bob,1,98,98,142,109
face-count,1457845660029,bob,1,97,97,155,109
face-count,1457845660543,bob,1,98,98,153,108
face-count,1457845661073,bob,1,96,96,154,109
face-count,1457845661579,bob,1,96,96,153,110
face-count,1457845662091,bob,1,94,94,155,104
face-count,1457845662613,bob,1,93,93,157,106
face-count,1457845663126,bob,1,96,96,157,103
face-count,1457845663667,bob,1,95,95,158,103
face-count,1457845664140,bob,1,93,93,159,105
face-count,1457845664705,bob,1,100,100,151,100
face-count,1457845665199,bob,1,92,92,150,112
face-count,1457845665757,bob,1,90,90,158,108
face-count,1457845666262,bob,1,97,97,156,102
face-count,1457845666769,bob,2,93,93,168,107,50,50,144,160
face-count,1457845667269,bob,2,105,105,161,101,44,44,119,132
face-count,1457845667767,bob,1,99,99,164,105
face-count,1457845668282,bob,1,106,106,167,109
face-count,1457845668794,bob,1,104,104,169,109
face-count,1457845669311,bob,1,107,107,156,104
face-count,1457845669833,bob,1,100,100,150,101
face-count,1457845670344,bob,1,98,98,161,101
face-count,1457845670945,bob,1,103,103,155,102
face-count,1457845671467,bob,1,97,97,149,107
face-count,1457845671974,bob,1,99,99,151,106
face-count,1457845672489,bob,1,100,100,148,108
face-count,1457845673005,bob,1,102,102,147,109
face-count,1457845673532,bob,1,96,96,150,112
face-count,1457845674027,bob,1,95,95,149,113
face-count,1457845674541,bob,1,99,99,149,111
face-count,1457845675055,bob,1,101,101,150,109
face-count,1457845675577,bob,1,92,92,155,111
face-count,1457845676090,bob,1,94,94,154,109
face-count,1457845676619,bob,1,101,101,152,107
face-count,1457845677120,bob,1,98,98,154,109
face-count,1457845677657,bob,1,98,98,155,109
face-count,1457845678163,bob,1,98,98,154,110
face-count,1457845678718,bob,1,110,110,148,102
face-count,1457845679512,bob,1,100,100,154,105
face-count,1457845680028,bob,1,100,100,152,106
face-count,1457845680548,bob,1,100,100,152,107
face-count,1457845681066,bob,1,100,100,154,107
face-count,1457845681587,bob,1,100,100,156,107
face-count,1457845682096,bob,1,101,101,153,108
face-count,1457845682630,bob,1,102,102,151,106
face-count,1457845683126,bob,1,98,98,152,108
face-count,1457845683667,bob,1,102,102,151,105
face-count,1457845684143,bob,1,100,100,156,104
face-count,1457845684699,bob,1,109,109,153,103
face-count,1457845685204,bob,1,109,109,154,104
face-count,1457845685776,bob,3,105,105,156,104,69,69,125,143,47,47,169,190
face-count,1457845686279,bob,2,108,108,153,104,52,52,18,132
face-count,1457845686788,bob,3,108,108,162,103,55,55,134,151,50,50,26,127
face-count,1457845687345,bob,3,112,112,169,101,57,57,45,148,52,52,172,185
face-count,1457845687798,bob,2,109,109,162,101,39,39,114,128
face-count,1457845688293,bob,1,109,109,155,104
face-count,1457845688803,bob,1,105,105,151,105
face-count,1457845689314,bob,1,102,102,153,106
face-count,1457845689840,bob,1,103,103,152,106
face-count,1457845690341,bob,1,104,104,151,105
face-count,1457845690865,bob,1,99,99,152,105
face-count,1457845691378,bob,1,103,103,150,104
face-count,1457845691899,bob,1,100,100,152,105
face-count,1457845692426,bob,1,101,101,150,106
face-count,1457845692927,bob,1,98,98,152,107
face-count,1457845693454,bob,1,94,94,153,108
face-count,1457845693977,bob,1,95,95,152,108
face-count,1457845694468,bob,1,98,98,149,104
face-count,1457845694979,bob,1,100,100,150,102
face-count,1457845695507,bob,1,100,100,151,103
face-count,1457845697560,bob,1,104,104,130,104
face-count,1457845699644,bob,1,102,102,125,107
face-count,1457845700152,bob,1,100,100,132,107
face-count,1457845700704,bob,1,97,97,127,105
face-count,1457845701758,bob,1,60,60,69,157
face-count,1457845702272,bob,1,98,98,136,105
face-count,1457845702800,bob,3,103,103,136,104,50,50,180,152,47,47,57,113
face-count,1457845703297,bob,1,101,101,133,107
face-count,1457845703800,bob,2,97,97,138,111,47,47,104,107
face-count,1457845704298,bob,4,102,102,136,110,52,52,111,117,47,47,48,103,45,45,128,135
face-count,1457845704808,bob,1,97,97,140,113
face-count,1457845705308,bob,1,101,101,134,108
face-count,1457845705817,bob,1,95,95,141,108
face-count,1457845706334,bob,2,104,104,141,105,81,81,224,65
face-count,1457845706859,bob,1,106,106,142,106
face-count,1457845707369,bob,1,103,103,143,106
face-count,1457845707882,bob,1,103,103,144,108
face-count,1457845708401,bob,1,103,103,146,109
face-count,1457845708926,bob,2,105,105,145,106,79,79,225,67
face-count,1457845709468,bob,2,105,105,146,105,81,81,226,65
face-count,1457845709989,bob,2,107,107,142,105,79,79,225,67
face-count,1457845710498,bob,2,105,105,143,107,87,87,226,63
face-count,1457845711021,bob,1,101,101,144,108
face-count,1457845711550,bob,1,100,100,144,108
face-count,1457845712063,bob,1,103,103,143,105
face-count,1457845712577,bob,1,98,98,143,108
face-count,1457845713100,bob,1,102,102,142,104
face-count,1457845713614,bob,1,100,100,142,107
face-count,1457845714122,bob,1,100,100,141,108
face-count,1457845714681,bob,2,97,97,144,109,46,46,109,72
face-count,1457845715140,bob,1,98,98,140,108
face-count,1457845715674,bob,1,101,101,142,107
face-count,1457845716168,bob,1,103,103,141,107
face-count,1457845716728,bob,1,97,97,146,111
face-count,1457845717257,bob,2,103,103,142,107,69,69,52,169
face-count,1457845717787,bob,4,100,100,144,108,54,54,50,138,52,52,180,183,47,47,60,158
face-count,1457845718302,bob,3,101,101,142,108,76,76,62,134,49,49,67,129
face-count,1457845718821,bob,2,102,102,143,108,79,79,225,67
face-count,1457845719321,bob,2,103,103,143,108,43,43,72,108
face-count,1457845719813,bob,1,103,103,142,107
face-count,1457845720321,bob,1,100,100,144,108
face-count,1457845720883,bob,2,104,104,142,106,43,43,108,86
face-count,1457845721351,bob,1,101,101,143,107
face-count,1457845721876,bob,1,101,101,143,107
face-count,1457845722388,bob,1,100,100,144,109
face-count,1457845722886,bob,1,104,104,141,106
face-count,1457845723397,bob,1,101,101,142,107
face-count,1457845723955,bob,2,101,101,144,108,57,57,119,91
face-count,1457845724431,bob,1,99,99,146,108
face-count,1457845724959,bob,1,99,99,144,108
face-count,1457845725472,bob,2,100,100,146,108,43,43,80,58
face-count,1457845725972,bob,2,100,100,144,108,87,87,226,63
face-count,1457845727011,bob,1,101,101,148,103
face-count,1457845727529,bob,1,102,102,149,102
face-count,1457845728040,bob,1,103,103,147,101
face-count,1457845728560,bob,1,103,103,145,101
face-count,1457845729080,bob,1,104,104,147,102
face-count,1457845729593,bob,1,104,104,147,104
face-count,1457845730101,bob,1,103,103,146,105
face-count,1457845730718,bob,1,101,101,147,106
face-count,1457845731134,bob,1,105,105,145,104
face-count,1457845731670,bob,1,103,103,147,106
face-count,1457845732811,bob,3,104,104,145,104,50,50,85,167,47,47,185,189
face-count,1457845732832,bob,2,112,112,142,98,48,48,149,154
face-count,1457845733242,bob,1,108,108,140,100
face-count,1457845733795,bob,1,102,102,144,104
face-count,1457845734260,bob,1,101,101,144,102
face-count,1457845734795,bob,3,99,99,142,104,54,54,153,166,44,44,80,152
face-count,1457845735312,bob,3,96,96,143,106,69,69,138,161,47,47,84,155
face-count,1457845735883,bob,1,101,101,143,104
face-count,1457845736316,bob,3,108,108,142,101,47,47,101,110,43,43,114,124
face-count,1457845736809,bob,1,102,102,144,106
face-count,1457845737376,bob,2,104,104,141,105,79,79,227,67
face-count,1457845737831,bob,1,103,103,142,107
face-count,1457845738353,bob,1,102,102,142,108
face-count,1457845738871,bob,1,106,106,140,106
face-count,1457845739384,bob,1,104,104,146,108
face-count,1457845739959,bob,1,105,105,144,106
face-count,1457845740420,bob,1,100,100,141,111
face-count,1457845740933,bob,1,101,101,139,112
face-count,1457845741450,bob,1,102,102,140,109
face-count,1457845741968,bob,1,101,101,141,110
face-count,1457845742484,bob,1,101,101,139,110
face-count,1457845743002,bob,1,101,101,139,111
face-count,1457845743516,bob,1,99,99,140,113
face-count,1457845744049,bob,1,102,102,140,111
face-count,1457845744550,bob,1,105,105,139,109
face-count,1457845745062,bob,1,104,104,142,107
face-count,1457845745577,bob,1,101,101,139,110
face-count,1457845746107,bob,1,100,100,138,110
face-count,1457845746607,bob,1,105,105,136,106
face-count,1457845747161,bob,1,100,100,140,110
face-count,1457845747649,bob,1,103,103,139,108
face-count,1457845748157,bob,1,102,102,140,108
face-count,1457845748692,bob,2,101,101,141,108,47,47,71,51
face-count,1457845749213,bob,2,101,101,141,110,43,43,82,61
face-count,1457845749813,bob,1,102,102,140,109
face-count,1457845750257,bob,1,102,102,140,109
face-count,1457845750811,bob,2,101,101,140,110,52,52,140,180
face-count,1457845751341,bob,1,101,101,139,109
face-count,1457845751858,bob,1,103,103,142,108
face-count,1457845752351,bob,1,103,103,142,107
face-count,1457845752882,bob,1,100,100,142,110
face-count,1457845753374,bob,2,105,105,140,108,43,43,104,134
face-count,1457845753839,bob,1,101,101,143,109
face-count,1457845754336,bob,1,100,100,142,109
face-count,1457845754875,bob,2,100,100,141,110,52,52,68,50
face-count,1457845755382,bob,2,101,101,141,109,35,35,52,39
face-count,1457845755900,bob,1,101,101,141,108
face-count,1457845756416,bob,1,102,102,139,109
face-count,1457845756916,bob,1,101,101,142,109
face-count,1457845757439,bob,1,103,103,141,106
face-count,1457845757957,bob,1,104,104,140,106
face-count,1457845758470,bob,1,103,103,141,107
face-count,1457845758977,bob,1,103,103,141,106
face-count,1457845759497,bob,1,103,103,142,107
face-count,1457845760009,bob,1,103,103,140,107
face-count,1457845760538,bob,1,101,101,142,108
face-count,1457845761050,bob,1,101,101,141,108
face-count,1457845761621,bob,1,110,110,136,102
face-count,1457845762078,bob,1,107,107,139,105
face-count,1457845762742,bob,1,104,104,141,104
face-count,1457845763119,bob,2,101,101,142,104,89,89,154,143
face-count,1457845763699,bob,1,100,100,143,104
face-count,1457845764153,bob,1,101,101,141,104
face-count,1457845764691,bob,1,101,101,143,105
face-count,1457845765169,bob,1,103,103,144,104
face-count,1457845765686,bob,1,104,104,142,103
face-count,1457845766195,bob,1,104,104,142,108
face-count,1457845766730,bob,2,107,107,144,105,71,71,228,71
face-count,1457845767256,bob,1,108,108,145,104
face-count,1457845767797,bob,1,107,107,142,105
face-count,1457845768318,bob,2,103,103,141,106,66,66,126,155
face-count,1457845768817,bob,1,104,104,142,105
face-count,1457845769403,bob,1,104,104,142,106
face-count,1457845769861,bob,1,109,109,139,104
face-count,1457845770369,bob,1,105,105,150,110
face-count,1457845770914,bob,1,104,104,145,105
face-count,1457845771367,bob,1,102,102,144,109
face-count,1457845771886,bob,1,100,100,144,112
face-count,1457845772394,bob,1,104,104,141,108
face-count,1457845772975,bob,1,104,104,142,108
face-count,1457845773429,bob,1,102,102,143,109
face-count,1457845773951,bob,1,106,106,140,107
face-count,1457845774446,bob,1,104,104,141,108
face-count,1457845774973,bob,1,100,100,143,111
face-count,1457845775481,bob,1,101,101,143,111
face-count,1457845775999,bob,1,102,102,142,109
face-count,1457845776527,bob,1,102,102,142,108
face-count,1457845777071,bob,1,101,101,143,105
face-count,1457845777600,bob,3,104,104,138,102,92,92,106,76,69,69,104,75
face-count,1457845778064,bob,1,99,99,139,105
face-count,1457845778579,bob,1,105,105,133,103
face-count,1457845779098,bob,1,104,104,133,105
face-count,1457845779619,bob,1,98,98,134,109
face-count,1457845780124,bob,1,103,103,134,107
face-count,1457845780666,bob,1,99,99,140,112
face-count,1457845781163,bob,1,100,100,140,111
face-count,1457845781687,bob,1,99,99,139,112
face-count,1457845782198,bob,1,101,101,137,108
face-count,1457845782712,bob,1,98,98,136,112
face-count,1457845783247,bob,1,106,106,134,107
face-count,1457845783839,bob,1,98,98,139,112
face-count,1457845784333,bob,1,105,105,133,107
face-count,1457845784862,bob,3,100,100,136,109,69,69,110,140,57,57,108,83
face-count,1457845785336,bob,2,95,95,140,113,59,59,105,130
face-count,1457845785887,bob,1,99,99,137,110
face-count,1457845786332,bob,1,101,101,137,110
face-count,1457845786837,bob,1,97,97,139,112
face-count,1457845787405,bob,1,100,100,137,110
face-count,1457845787876,bob,1,101,101,137,110
face-count,1457845788394,bob,1,98,98,140,112
face-count,1457845788897,bob,1,103,103,137,109
face-count,1457845789438,bob,1,101,101,137,110
face-count,1457845789931,bob,1,102,102,137,111
face-count,1457845790446,bob,1,102,102,136,109
face-count,1457845790968,bob,1,104,104,136,108
face-count,1457845791515,bob,2,104,104,136,108,92,92,221,61
face-count,1457845792006,bob,1,99,99,138,112
face-count,1457845792534,bob,2,100,100,138,112,69,69,69,51
face-count,1457845793055,bob,1,100,100,139,111
face-count,1457845793601,bob,1,99,99,139,112
face-count,1457845794072,bob,1,100,100,138,110
face-count,1457845794598,bob,1,102,102,136,109
face-count,1457845795096,bob,1,101,101,139,108
face-count,1457845795640,bob,2,100,100,141,107,63,63,119,88
face-count,1457845796142,bob,2,100,100,140,108,47,47,69,51
face-count,1457845796683,bob,1,101,101,139,109
face-count,1457845797175,bob,2,104,104,134,111,69,69,90,67
face-count,1457845797678,bob,2,96,96,137,114,95,95,218,60
face-count,1457845798183,bob,1,97,97,139,112
face-count,1457845798747,bob,2,95,95,139,112,87,87,222,64
face-count,1457845799214,bob,1,100,100,138,110
face-count,1457845799760,bob,1,101,101,137,110
face-count,1457845800275,bob,1,99,99,139,109
face-count,1457845800819,bob,1,93,93,137,121
face-count,1457845801419,bob,1,104,104,132,114
face-count,1457845801842,bob,2,106,106,134,114,54,54,122,145
face-count,1457845802381,bob,3,109,109,145,104,45,45,101,119,43,43,114,135
face-count,1457845802892,bob,2,107,107,136,104,43,43,101,120
face-count,1457845803383,bob,1,104,104,141,106
face-count,1457845803902,bob,1,101,101,144,110
face-count,1457845804397,bob,1,106,106,140,114
face-count,1457845804902,bob,2,104,104,143,113,43,43,76,60
face-count,1457845805416,bob,1,103,103,146,108
face-count,1457845805934,bob,2,105,105,140,105,84,84,227,65
face-count,1457845806426,bob,1,105,105,129,106
face-count,1457845807011,bob,1,107,107,131,104
face-count,1457845807466,bob,1,101,101,136,107
face-count,1457845807986,bob,1,102,102,140,107
face-count,1457845808498,bob,1,102,102,143,106
face-count,1457845809020,bob,1,104,104,140,97
face-count,1457845809529,bob,1,95,95,149,93
face-count,1457845810076,bob,1,82,82,169,106
face-count,1457845810571,bob,1,77,77,172,116
face-count,1457845811083,bob,1,84,84,167,117
face-count,1457845811621,bob,1,81,81,168,121
face-count,1457845812165,bob,2,86,86,169,119,81,81,231,145
face-count,1457845812649,bob,1,85,85,160,118
face-count,1457845813156,bob,1,102,102,140,108
face-count,1457845813685,bob,1,101,101,136,113
face-count,1457845814186,bob,2,96,96,160,108,43,43,60,40
face-count,1457845814725,bob,1,95,95,173,109
face-count,1457845815216,bob,1,97,97,170,109
face-count,1457845815716,bob,1,100,100,182,104
face-count,1457845816272,bob,1,100,100,186,108
face-count,1457845816793,bob,2,100,100,191,108,43,43,104,63
face-count,1457845817379,bob,3,96,96,190,111,63,63,4,115,60,60,130,158
face-count,1457845817859,bob,2,101,101,186,106,65,65,111,138
face-count,1457845818368,bob,1,100,100,184,106
face-count,1457845818896,bob,2,102,102,184,103,69,69,66,64
face-count,1457845819384,bob,4,104,104,194,102,95,95,202,138,47,47,74,92,35,35,26,102
face-count,1457845819903,bob,3,103,103,196,102,45,45,91,105,37,37,79,90
face-count,1457845820416,bob,2,107,107,197,100,44,44,121,92
face-count,1457845820910,bob,2,101,101,210,107,52,52,115,84
face-count,1457845821411,bob,2,106,106,203,100,68,68,61,63
face-count,1457845821935,bob,3,108,108,195,102,79,79,56,70,43,43,59,47
face-count,1457845822462,bob,2,110,110,195,102,83,83,56,58
face-count,1457845822999,bob,3,111,111,195,102,96,96,103,88,80,80,61,60
face-count,1457845823509,bob,2,110,110,192,102,72,72,69,69
face-count,1457845823981,bob,2,107,107,198,100,66,66,78,102
face-count,1457845824489,bob,2,104,104,203,102,68,68,80,107
face-count,1457845825028,bob,3,99,99,208,104,76,76,81,68,67,67,82,96
face-count,1457845825562,bob,2,100,100,210,105,69,69,72,91
face-count,1457845826047,bob,2,101,101,209,105,64,64,85,102
face-count,1457845826582,bob,2,103,103,205,103,66,66,93,111
face-count,1457845827079,bob,2,102,102,208,105,66,66,92,106
face-count,1457845827593,bob,2,102,102,209,106,65,65,101,107
face-count,1457845828110,bob,3,101,101,210,106,66,66,103,107,43,43,51,44
face-count,1457845828623,bob,2,101,101,208,106,66,66,103,108
face-count,1457845829137,bob,2,100,100,208,105,66,66,102,109
face-count,1457845829696,bob,2,105,105,203,104,66,66,99,109
face-count,1457845830214,bob,2,101,101,207,105,67,67,99,108
face-count,1457845830742,bob,2,99,99,215,106,75,75,103,99
face-count,1457845831193,bob,2,100,100,214,107,64,64,111,90
face-count,1457845831719,bob,2,98,98,216,109,68,68,86,74
face-count,1457845832296,bob,2,98,98,214,107,71,71,82,72
face-count,1457845832793,bob,2,99,99,215,107,66,66,89,87
face-count,1457845833368,bob,2,92,92,224,115,77,77,86,97
face-count,1457845833875,bob,1,65,65,87,105
face-count,1457845834408,bob,2,76,76,85,99,54,54,137,160
face-count,1457845834868,bob,3,95,95,220,113,72,72,91,100,63,63,152,172
face-count,1457845835429,bob,3,92,92,224,113,84,84,114,95,69,69,93,101
face-count,1457845835925,bob,3,93,93,221,114,71,71,93,103,47,47,128,148
face-count,1457845836429,bob,3,100,100,212,112,92,92,83,95,59,59,97,111
face-count,1457845836928,bob,2,97,97,214,113,70,70,88,105
face-count,1457845837384,bob,2,100,100,213,107,68,68,91,106
face-count,1457845837904,bob,2,103,103,208,108,68,68,92,105
face-count,1457845838422,bob,2,105,105,207,106,68,68,92,105
face-count,1457845838940,bob,2,104,104,208,104,68,68,90,106
face-count,1457845839461,bob,2,105,105,206,106,69,69,89,106
face-count,1457845839988,bob,2,105,105,207,106,68,68,89,106
face-count,1457845840481,bob,2,103,103,210,107,68,68,89,106
face-count,1457845841008,bob,2,98,98,214,107,69,69,88,105
face-count,1457845841520,bob,2,102,102,210,105,68,68,88,106
face-count,1457845842031,bob,2,100,100,213,107,68,68,87,106
face-count,1457845842554,bob,2,96,96,219,113,67,67,87,106
face-count,1457845843065,bob,1,68,68,87,106
face-count,1457845843600,bob,2,96,96,218,111,67,67,88,108
face-count,1457845844132,bob,2,97,97,216,110,70,70,86,107
face-count,1457845844604,bob,3,97,97,215,107,68,68,86,108,55,55,0,105
face-count,1457845845166,bob,3,105,105,203,100,67,67,88,107,59,59,11,108
face-count,1457845845681,bob,3,114,114,191,96,74,74,88,103,61,61,13,110
face-count,1457845846175,bob,3,106,106,194,103,72,72,90,104,58,58,4,120
face-count,1457845846721,bob,2,105,105,193,104,69,69,90,104
face-count,1457845847228,bob,2,104,104,196,105,71,71,89,104
face-count,1457845847746,bob,2,102,102,196,105,67,67,91,104
face-count,1457845848264,bob,3,105,105,191,103,77,77,89,103,57,57,112,59
face-count,1457845848798,bob,2,105,105,193,101,72,72,94,103
face-count,1457845849328,bob,3,101,101,198,104,86,86,89,97,73,73,123,98
face-count,1457845849848,bob,2,108,108,197,103,72,72,97,102
face-count,1457845850382,bob,2,108,108,196,102,67,67,99,106
face-count,1457845850833,bob,2,105,105,200,106,72,72,96,104
face-count,1457845851404,bob,2,106,106,200,109,68,68,99,98
face-count,1457845851928,bob,5,107,107,203,108,69,69,103,95,52,52,83,34,45,45,104,149,43,43,96,44
face-count,1457845852432,bob,2,104,104,204,110,70,70,107,103
face-count,1457845852924,bob,2,104,104,204,110,63,63,124,82
face-count,1457845853383,bob,2,102,102,206,110,61,61,133,85
face-count,1457845853944,bob,2,100,100,206,111,63,63,144,92
face-count,1457845854446,bob,2,105,105,201,107,59,59,132,93
face-count,1457845854949,bob,2,106,106,203,106,64,64,125,92
face-count,1457845855440,bob,2,104,104,201,109,64,64,129,95
face-count,1457845856003,bob,2,101,101,203,110,65,65,129,98
face-count,1457845856519,bob,3,105,105,202,108,64,64,129,99,57,57,88,40
face-count,1457845857036,bob,4,117,117,194,100,70,70,126,97,65,65,1,127,47,47,93,45
face-count,1457845857546,bob,4,110,110,197,102,101,101,137,111,64,64,128,100,47,47,94,45
face-count,1457845858086,bob,3,117,117,192,100,67,67,126,97,57,57,88,41
face-count,1457845858584,bob,3,109,109,198,104,69,69,155,74,67,67,126,97
face-count,1457845859048,bob,3,106,106,201,106,66,66,126,101,44,44,146,190
face-count,1457845859566,bob,2,107,107,200,106,66,66,125,101
face-count,1457845860086,bob,2,105,105,201,104,63,63,130,100
face-count,1457845860611,bob,2,107,107,198,99,65,65,131,101
face-count,1457845861173,bob,3,108,108,196,99,67,67,122,100,47,47,94,46
face-count,1457845861684,bob,2,109,109,200,98,65,65,111,100
face-count,1457845862178,bob,2,103,103,200,103,65,65,104,105
face-count,1457845862723,bob,2,106,106,196,104,65,65,103,106
face-count,1457845863243,bob,3,107,107,199,104,67,67,103,105,43,43,88,42
face-count,1457845863748,bob,4,111,111,135,91,97,97,207,111,62,62,106,105,47,47,96,47
face-count,1457845864274,bob,2,104,104,201,107,54,54,137,69
face-count,1457845864726,bob,2,106,106,202,104,50,50,148,44
face-count,1457845865300,bob,3,105,105,199,99,50,50,136,42,43,43,116,63
face-count,1457845865809,bob,4,106,106,205,93,92,92,210,141,69,69,104,54,54,54,133,42
face-count,1457845866370,bob,4,104,104,207,98,76,76,151,98,59,59,125,45,52,52,88,47
face-count,1457845866828,bob,2,110,110,196,102,63,63,112,82
face-count,1457845867328,bob,2,103,103,208,112,67,67,100,103
face-count,1457845867872,bob,2,108,108,195,108,65,65,128,84
face-count,1457845868391,bob,3,102,102,199,113,65,65,137,82,63,63,137,141
face-count,1457845868891,bob,3,105,105,198,110,69,69,116,95,63,63,155,158
face-count,1457845869386,bob,3,91,91,190,116,67,67,16,131,66,66,115,104
face-count,1457845869900,bob,3,96,96,193,119,69,69,5,125,61,61,108,108
face-count,1457845870399,bob,2,103,103,194,109,62,62,112,105
face-count,1457845870919,bob,2,107,107,195,106,65,65,112,104
face-count,1457845871443,bob,2,104,104,199,109,67,67,111,108
face-count,1457845871968,bob,2,106,106,198,109,67,67,114,107
face-count,1457845872491,bob,2,103,103,200,111,66,66,114,107
face-count,1457845872992,bob,3,108,108,198,109,65,65,113,108,55,55,13,152
face-count,1457845873511,bob,3,106,106,201,111,64,64,114,106,62,62,4,142
face-count,1457845874045,bob,2,106,106,200,112,66,66,111,106
face-count,1457845874542,bob,2,107,107,201,111,64,64,116,107
face-count,1457845875034,bob,2,106,106,201,112,64,64,117,107
face-count,1457845875561,bob,2,108,108,200,111,62,62,120,108
face-count,1457845876152,bob,2,99,99,204,119,61,61,123,109
face-count,1457845876642,bob,2,105,105,201,111,66,66,121,106
face-count,1457845877146,bob,3,102,102,202,113,76,76,144,94,61,61,120,109
face-count,1457845877633,bob,2,107,107,201,111,64,64,116,107
face-count,1457845878209,bob,3,107,107,201,110,70,70,112,104,43,43,83,62
face-count,1457845878726,bob,2,106,106,202,109,63,63,115,107
face-count,1457845879228,bob,3,103,103,202,104,65,65,111,104,52,52,134,74
face-count,1457845879743,bob,1,102,102,200,100
face-count,1457845880248,bob,1,106,106,205,100
face-count,1457845880764,bob,1,105,105,203,100
face-count,1457845881301,bob,1,113,113,192,95
face-count,1457845881819,bob,1,99,99,200,110
face-count,1457845882369,bob,3,105,105,201,100,47,47,6,67,45,45,175,68
face-count,1457845882868,bob,3,103,103,197,109,48,48,66,87,46,46,170,75
face-count,1457845883381,bob,2,106,106,194,111,34,34,176,80
face-count,1457845883928,bob,2,111,111,187,107,46,46,159,61
face-count,1457845884430,bob,1,105,105,191,109
face-count,1457845884883,bob,2,110,110,189,106,57,57,161,152
face-count,1457845885408,bob,2,105,105,196,108,57,57,158,149
face-count,1457845885908,bob,3,99,99,196,113,52,52,6,94,52,52,126,120
face-count,1457845886391,bob,3,106,106,197,108,52,52,145,52,51,51,56,75
face-count,1457845886910,bob,3,100,100,197,111,54,54,130,51,52,52,48,84
face-count,1457845887420,bob,3,104,104,195,108,64,64,94,89,54,54,31,67
face-count,1457845887983,bob,3,102,102,196,110,60,60,100,118,48,48,27,71
face-count,1457845888494,bob,4,102,102,197,109,60,60,111,121,57,57,23,69,51,51,136,98
face-count,1457845888973,bob,3,107,107,192,108,60,60,118,124,49,49,27,75
face-count,1457845889485,bob,3,102,102,194,110,60,60,118,127,51,51,27,76
face-count,1457845890026,bob,3,99,99,198,111,57,57,118,128,50,50,32,78
face-count,1457845890516,bob,3,100,100,194,112,58,58,19,75,58,58,120,128
face-count,1457845891058,bob,3,104,104,193,110,60,60,20,116,59,59,120,127
face-count,1457845891552,bob,3,106,106,193,107,66,66,19,110,58,58,120,128
face-count,1457845892073,bob,3,101,101,196,110,65,65,18,110,62,62,121,127
face-count,1457845892638,bob,3,101,101,193,111,61,61,23,115,59,59,124,129
face-count,1457845893119,bob,3,108,108,191,108,66,66,20,114,63,63,122,126
face-count,1457845893719,bob,3,97,97,192,121,64,64,16,116,60,60,125,127
face-count,1457845894191,bob,3,102,102,195,111,65,65,123,124,63,63,15,117
face-count,1457845894712,bob,4,99,99,198,113,69,69,154,117,64,64,124,126,58,58,14,119
face-count,1457845895192,bob,3,101,101,198,112,66,66,12,115,64,64,124,126
face-count,1457845895720,bob,3,102,102,198,111,65,65,123,124,62,62,12,118
face-count,1457845896206,bob,3,103,103,197,111,64,64,10,117,61,61,126,127
face-count,1457845896753,bob,3,99,99,200,113,63,63,125,126,60,60,11,119
face-count,1457845897273,bob,3,101,101,198,112,64,64,8,118,60,60,125,128
face-count,1457845897738,bob,3,104,104,197,111,66,66,7,118,63,63,124,128
face-count,1457845898296,bob,2,105,105,196,110,65,65,7,119
face-count,1457845898839,bob,2,102,102,197,111,65,65,13,113
face-count,1457845899351,bob,2,104,104,197,111,47,47,66,55
face-count,1457845899848,bob,2,106,106,196,108,42,42,64,57
face-count,1457845900399,bob,2,100,100,200,111,48,48,46,66
face-count,1457845900923,bob,3,103,103,196,108,57,57,125,129,49,49,46,69
face-count,1457845901459,bob,4,103,103,195,106,57,57,151,144,56,56,123,130,54,54,40,78
face-count,1457845901961,bob,2,102,102,192,109,63,63,149,142
face-count,1457845902461,bob,2,103,103,192,108,43,43,102,97
face-count,1457845902940,bob,1,102,102,195,110
face-count,1457845903468,bob,1,103,103,197,109
face-count,1457845903931,bob,2,107,107,195,108,58,58,123,129
face-count,1457845904472,bob,2,102,102,199,110,65,65,123,126
face-count,1457845904957,bob,2,105,105,197,110,62,62,123,121
face-count,1457845905476,bob,2,105,105,200,111,60,60,124,126
face-count,1457845905982,bob,2,102,102,197,112,61,61,123,126
face-count,1457845906502,bob,2,105,105,198,111,57,57,128,131
face-count,1457845907079,bob,3,105,105,199,111,105,105,128,125,59,59,128,131
face-count,1457845907573,bob,1,104,104,200,110
face-count,1457845908105,bob,1,106,106,196,109
face-count,1457845908627,bob,1,108,108,195,108
face-count,1457845909139,bob,3,108,108,193,110,62,62,19,122,61,61,127,126
face-count,1457845909663,bob,2,111,111,135,84,106,106,197,110
face-count,1457845910148,bob,3,103,103,200,112,60,60,10,125,56,56,126,122
face-count,1457845910707,bob,3,106,106,199,109,68,68,20,122,62,62,119,99
face-count,1457845911155,bob,3,105,105,198,110,60,60,25,125,59,59,115,83
face-count,1457845911728,bob,4,109,109,198,108,92,92,175,125,66,66,101,58,63,63,13,124
face-count,1457845912247,bob,4,108,108,199,109,92,92,106,76,65,65,102,57,65,65,8,124
face-count,1457845912727,bob,3,108,108,197,108,62,62,118,80,57,57,10,128
face-count,1457845913255,bob,3,103,103,201,111,64,64,121,79,62,62,8,127
face-count,1457845913781,bob,3,106,106,198,110,62,62,122,77,60,60,9,127
face-count,1457845914307,bob,4,106,106,198,109,88,88,133,101,63,63,114,71,61,61,8,128
face-count,1457845914831,bob,3,105,105,200,110,69,69,104,59,59,59,7,129
face-count,1457845915305,bob,3,106,106,198,109,74,74,98,54,62,62,6,128
face-count,1457845915887,bob,2,109,109,196,107,79,79,87,55
face-count,1457845916422,bob,4,104,104,201,111,79,79,94,65,76,76,160,158,63,63,3,128
face-count,1457845916943,bob,3,105,105,201,110,81,81,94,65,57,57,173,163
face-count,1457845917462,bob,3,102,102,203,112,78,78,96,68,52,52,173,161
face-count,1457845917972,bob,3,110,110,198,107,84,84,167,75,76,76,96,70
face-count,1457845918448,bob,3,104,104,201,111,80,80,95,68,62,62,5,130
face-count,1457845918959,bob,2,103,103,202,112,82,82,93,68
face-count,1457845919473,bob,3,106,106,200,110,77,77,95,69,61,61,6,131
face-count,1457845919941,bob,3,105,105,201,111,78,78,96,69,60,60,8,131
face-count,1457845920457,bob,3,103,103,202,113,79,79,95,69,60,60,9,132
face-count,1457845921046,bob,2,107,107,200,110,78,78,96,70
face-count,1457845921535,bob,2,102,102,203,113,77,77,97,71
face-count,1457845922068,bob,2,102,102,206,114,73,73,100,72
face-count,1457845922581,bob,3,106,106,202,112,92,92,145,121,81,81,99,73
face-count,1457845923094,bob,2,104,104,203,113,76,76,105,78
face-count,1457845923629,bob,2,104,104,203,113,75,75,103,83
face-count,1457845924129,bob,3,101,101,144,118,99,99,209,119,75,75,104,70
face-count,1457845924660,bob,2,106,106,205,113,71,71,113,77
face-count,1457845925109,bob,2,101,101,209,116,75,75,112,76
face-count,1457845925670,bob,2,101,101,209,116,74,74,111,77
face-count,1457845926165,bob,2,100,100,208,116,77,77,110,75
face-count,1457845926715,bob,2,100,100,209,116,73,73,112,78
face-count,1457845927198,bob,2,102,102,209,114,72,72,111,78
face-count,1457845927695,bob,2,101,101,210,114,73,73,110,79
face-count,1457845928233,bob,3,104,104,207,113,92,92,164,116,77,77,108,78
face-count,1457845928757,bob,2,102,102,210,115,74,74,107,79
face-count,1457845929271,bob,2,106,106,205,111,73,73,108,80
face-count,1457845929790,bob,2,101,101,209,115,75,75,107,80
face-count,1457845930273,bob,3,104,104,206,112,73,73,109,81,46,46,56,69
face-count,1457845930827,bob,3,106,106,204,109,73,73,108,80,47,47,54,69
face-count,1457845931356,bob,3,103,103,208,113,73,73,108,81,46,46,54,68
face-count,1457845931892,bob,4,101,101,208,113,79,79,120,86,70,70,103,81,48,48,55,68
face-count,1457845932413,bob,3,98,98,211,117,65,65,93,90,47,47,55,67
face-count,1457845932908,bob,3,103,103,207,114,75,75,83,100,45,45,54,70
face-count,1457845933468,bob,5,105,105,206,113,84,84,154,108,80,80,82,98,57,57,164,167,45,45,50,70
face-count,1457845933983,bob,3,102,102,210,116,75,75,85,102,49,49,31,69
face-count,1457845934476,bob,3,103,103,207,124,76,76,84,102,51,51,34,66
face-count,1457845934975,bob,3,99,99,209,130,81,81,82,102,49,49,37,68
face-count,1457845935466,bob,3,96,96,214,112,77,77,84,104,47,47,37,70
face-count,1457845935968,bob,3,98,98,213,116,77,77,86,106,48,48,37,70
face-count,1457845936485,bob,3,97,97,212,116,73,73,88,108,49,49,38,70
face-count,1457845936974,bob,3,102,102,208,126,72,72,88,108,47,47,40,70
face-count,1457845937509,bob,3,72,72,89,108,46,46,42,69,44,44,272,137
face-count,1457845938025,bob,2,72,72,90,108,47,47,42,71
face-count,1457845938538,bob,3,90,90,225,121,74,74,90,107,45,45,55,77
face-count,1457845939026,bob,2,94,94,221,119,75,75,90,108
face-count,1457845939577,bob,2,92,92,219,118,75,75,89,106
face-count,1457845940079,bob,2,94,94,219,118,73,73,90,109
face-count,1457845940616,bob,3,98,98,215,116,74,74,89,109,45,45,7,81
face-count,1457845941138,bob,2,94,94,221,119,76,76,88,109
face-count,1457845941675,bob,4,99,99,215,114,84,84,162,118,74,74,89,109,36,36,14,86
face-count,1457845942162,bob,2,95,95,217,117,74,74,90,109
face-count,1457845942717,bob,1,77,77,92,105
face-count,1457845943200,bob,1,72,72,96,108
face-count,1457845943730,bob,1,76,76,92,108
face-count,1457845944226,bob,2,80,80,87,108,44,44,176,131
face-count,1457845944758,bob,1,78,78,83,112
face-count,1457845945239,bob,1,79,79,81,115
face-count,1457845945748,bob,3,105,105,211,103,78,78,82,114,46,46,169,134
face-count,1457845946273,bob,2,113,113,199,100,95,95,57,125
face-count,1457845946789,bob,2,99,99,214,102,90,90,48,138
face-count,1457845947300,bob,2,105,105,206,101,56,56,114,56
face-count,1457845947813,bob,1,107,107,203,105
face-count,1457845948312,bob,2,101,101,204,107,43,43,140,48
face-count,1457845948870,bob,2,111,111,196,98,45,45,138,48
face-count,1457845949392,bob,2,104,104,202,100,50,50,125,60
face-count,1457845949948,bob,2,107,107,197,95,52,52,154,165
face-count,1457845950459,bob,2,114,114,193,96,50,50,134,150
face-count,1457845950948,bob,1,111,111,196,104
face-count,1457845951474,bob,4,100,100,202,107,58,58,121,71,47,47,5,76,46,46,98,111
face-count,1457845951967,bob,1,105,105,197,104
face-count,1457845952476,bob,1,100,100,208,104
face-count,1457845952988,bob,1,98,98,204,104
face-count,1457845953506,bob,2,104,104,200,104,54,54,130,62
face-count,1457845953989,bob,2,110,110,194,104,62,62,108,71
face-count,1457845954538,bob,2,102,102,205,107,66,66,101,79
face-count,1457845955016,bob,2,105,105,204,104,67,67,102,76
face-count,1457845955526,bob,2,104,104,202,104,65,65,107,83
face-count,1457845956048,bob,2,102,102,200,106,67,67,110,78
face-count,1457845956554,bob,2,105,105,200,105,69,69,106,80
face-count,1457845957088,bob,2,104,104,205,106,69,69,106,82
face-count,1457845957593,bob,2,104,104,208,108,67,67,104,85
face-count,1457845958111,bob,2,103,103,205,107,68,68,100,88
face-count,1457845958637,bob,2,107,107,200,105,66,66,96,92
face-count,1457845959136,bob,2,107,107,200,106,66,66,97,85
face-count,1457845959670,bob,2,105,105,204,107,72,72,94,66
face-count,1457845960197,bob,2,106,106,205,108,75,75,94,56
face-count,1457845960694,bob,2,102,102,207,110,84,84,98,43
face-count,1457845961231,bob,1,87,87,109,45
face-count,1457845961731,bob,2,96,96,218,113,86,86,109,47
face-count,1457845962249,bob,2,94,94,220,116,85,85,110,49
face-count,1457845962756,bob,2,96,96,219,114,84,84,112,49
face-count,1457845963285,bob,2,96,96,218,114,85,85,108,49
face-count,1457845963816,bob,2,92,92,222,118,81,81,105,58
face-count,1457845964310,bob,2,96,96,219,116,83,83,101,57
face-count,1457845964868,bob,2,96,96,218,116,84,84,102,55
face-count,1457845965338,bob,2,93,93,220,117,84,84,106,55
face-count,1457845965874,bob,2,104,104,210,108,82,82,108,56
face-count,1457845966409,bob,2,104,104,210,108,84,84,109,55
face-count,1457845966899,bob,2,98,98,217,113,86,86,109,54
face-count,1457845967431,bob,2,97,97,218,115,86,86,110,54
face-count,1457845967957,bob,3,104,104,209,108,84,84,112,52,52,52,140,133
face-count,1457845968502,bob,3,98,98,217,113,86,86,111,52,56,56,139,130
face-count,1457845968983,bob,4,91,91,222,119,83,83,113,55,63,63,92,88,57,57,122,116
face-count,1457845969467,bob,3,91,91,224,118,82,82,111,59,43,43,72,68
face-count,1457845969986,bob,1,83,83,109,64
face-count,1457845970486,bob,1,80,80,108,70
face-count,1457845971009,bob,1,84,84,104,68
face-count,1457845971525,bob,1,83,83,104,69
face-count,1457845972040,bob,1,83,83,104,69
face-count,1457845972557,bob,1,81,81,102,71
face-count,1457845973076,bob,1,83,83,100,69
face-count,1457845973593,bob,1,82,82,99,69
face-count,1457845974101,bob,1,84,84,98,68
face-count,1457845974643,bob,1,82,82,91,69
face-count,1457845975132,bob,1,84,84,90,59
face-count,1457845975656,bob,1,84,84,96,60
face-count,1457845976156,bob,1,85,85,92,66
face-count,1457845976684,bob,1,86,86,93,64
face-count,1457845977194,bob,1,86,86,93,63
face-count,1457845977708,bob,1,84,84,94,61
face-count,1457845978221,bob,1,86,86,90,60
face-count,1457845978740,bob,1,84,84,93,57
face-count,1457845995130,bob,2,101,101,211,112,87,87,116,54
face-count,1457845995657,bob,2,100,100,213,111,85,85,114,55
face-count,1457845996142,bob,2,101,101,212,112,85,85,114,60
face-count,1457845996711,bob,2,101,101,212,113,83,83,114,60
face-count,1457845997233,bob,2,102,102,210,112,82,82,114,61
face-count,1457845998187,bob,2,106,106,206,112,83,83,111,62
face-count,1457845998698,bob,2,101,101,211,115,83,83,111,62
face-count,1457845999214,bob,2,100,100,212,116,83,83,111,61
face-count,1457845999734,bob,2,100,100,214,116,82,82,111,62
face-count,1457846000247,bob,2,100,100,213,114,82,82,111,62
face-count,1457846000767,bob,2,96,96,219,118,82,82,111,61
face-count,1457846001290,bob,2,98,98,216,116,82,82,111,62
face-count,1457846002168,bob,2,98,98,216,116,85,85,109,60
face-count,1457846002534,bob,2,96,96,216,117,82,82,111,62
face-count,1457846003046,bob,2,96,96,216,116,81,81,111,62
face-count,1457846003568,bob,2,95,95,218,118,83,83,110,61
face-count,1457846004078,bob,2,97,97,216,116,80,80,110,63
face-count,1457846004611,bob,2,99,99,215,114,81,81,109,63
face-count,1457846005117,bob,2,97,97,217,116,81,81,109,63
face-count,1457846005670,bob,2,101,101,214,113,81,81,109,62
face-count,1457846006136,bob,2,98,98,217,116,65,65,132,45
face-count,1457846006658,bob,2,95,95,217,118,59,59,159,42
face-count,1457846007162,bob,2,97,97,216,114,64,64,145,54
face-count,1457846007686,bob,1,68,68,136,63
face-count,1457846008199,bob,2,92,92,224,120,68,68,128,70
face-count,1457846008715,bob,2,99,99,212,115,64,64,129,61
face-count,1457846009323,bob,2,101,101,211,111,65,65,139,70
face-count,1457846009743,bob,2,100,100,208,110,70,70,104,96
face-count,1457846010263,bob,1,78,78,88,98
face-count,1457846010782,bob,2,94,94,220,116,82,82,77,95
face-count,1457846011309,bob,2,92,92,219,116,79,79,85,84
face-count,1457846011840,bob,2,78,78,94,85,39,39,273,130
face-count,1457846012356,bob,2,94,94,221,116,80,80,93,82
face-count,1457846012849,bob,2,92,92,221,117,81,81,96,81
face-count,1457846013390,bob,2,84,84,93,82,44,44,266,112
face-count,1457846013879,bob,1,86,86,90,80
face-count,1457846014436,bob,3,96,96,219,114,88,88,90,80,37,37,181,136
face-count,1457846014981,bob,2,98,98,216,112,84,84,93,81
face-count,1457846015499,bob,1,80,80,95,83
face-count,1457846016039,bob,3,87,87,230,123,86,86,92,80,61,61,144,141
face-count,1457846016539,bob,3,96,96,219,113,86,86,93,80,47,47,145,147
face-count,1457846017031,bob,1,84,84,95,82
face-count,1457846017522,bob,2,99,99,216,114,83,83,95,83
face-count,1457846018000,bob,2,101,101,214,113,83,83,96,82
face-count,1457846018519,bob,2,92,92,224,118,82,82,95,83
face-count,1457846019031,bob,2,92,92,224,118,82,82,95,82
face-count,1457846019552,bob,2,92,92,224,120,83,83,94,82
face-count,1457846020062,bob,2,89,89,228,123,81,81,96,84
face-count,1457846020583,bob,2,95,95,221,118,78,78,97,81
face-count,1457846021096,bob,2,93,93,221,119,80,80,93,81
face-count,1457846021619,bob,2,95,95,221,118,81,81,94,85
face-count,1457846022139,bob,2,95,95,219,116,80,80,93,101
face-count,1457846022666,bob,3,97,97,216,111,76,76,98,100,44,44,178,135
face-count,1457846023163,bob,2,94,94,220,117,78,78,98,97
face-count,1457846023687,bob,2,99,99,215,114,78,78,97,97
face-count,1457846024208,bob,2,98,98,216,112,76,76,99,97
face-count,1457846024740,bob,3,101,101,211,105,78,78,97,97,44,44,181,134
face-count,1457846025244,bob,1,77,77,101,102
face-count,1457846025747,bob,1,78,78,100,101
face-count,1457846026242,bob,1,79,79,121,89
face-count,1457846026764,bob,1,78,78,123,89
face-count,1457846027280,bob,1,77,77,105,100
face-count,1457846027796,bob,1,76,76,104,103
face-count,1457846028329,bob,1,75,75,101,101
face-count,1457846028853,bob,1,79,79,95,91
face-count,1457846029349,bob,1,79,79,97,92
face-count,1457846029874,bob,1,78,78,94,103
face-count,1457846030383,bob,1,75,75,94,105
face-count,1457846030895,bob,1,76,76,90,111
face-count,1457846031458,bob,1,82,82,96,105
face-count,1457846032017,bob,2,85,85,9,136,75,75,101,107
face-count,1457846032547,bob,1,75,75,100,107
face-count,1457846033048,bob,1,88,88,92,102
face-count,1457846033532,bob,1,79,79,94,108
face-count,1457846034029,bob,2,78,78,100,104,43,43,61,74
face-count,1457846034519,bob,1,77,77,116,73
face-count,1457846035031,bob,1,77,77,117,81
face-count,1457846035547,bob,1,77,77,106,80
face-count,1457846036067,bob,1,78,78,105,85
face-count,1457846036572,bob,1,77,77,106,90
face-count,1457846037089,bob,1,76,76,103,91
face-count,1457846037612,bob,1,77,77,102,91
face-count,1457846038117,bob,1,77,77,105,91
face-count,1457846038644,bob,1,75,75,109,91
face-count,1457846039149,bob,1,75,75,108,97
face-count,1457846039678,bob,1,75,75,100,99
face-count,1457846040182,bob,1,76,76,99,101
face-count,1457846040705,bob,1,75,75,97,101
face-count,1457846041221,bob,1,80,80,100,76
face-count,1457846041736,bob,1,87,87,84,58
face-count,1457846042256,bob,1,82,82,92,57
face-count,1457846042779,bob,1,82,82,71,23
face-count,1457846043294,bob,1,96,96,58,41
face-count,1457846043815,bob,1,106,106,63,44
face-count,1457846044322,bob,1,103,103,67,48
face-count,1457846044844,bob,3,144,144,155,83,103,103,65,49,57,57,176,169
face-count,1457846045358,bob,1,103,103,64,48
face-count,1457846045882,bob,2,105,105,62,47,47,47,183,174
face-count,1457846046377,bob,1,108,108,63,44
face-count,1457846046893,bob,1,107,107,62,44
face-count,1457846047400,bob,2,107,107,60,45,50,50,182,171
face-count,1457846048012,bob,2,108,108,62,44,63,63,136,154
face-count,1457846048504,bob,2,104,104,56,48,84,84,6,138
face-count,1457846049003,bob,3,106,106,51,50,76,76,8,121,63,63,154,171
face-count,1457846049538,bob,2,104,104,57,47,69,69,116,135
face-count,1457846050019,bob,2,102,102,64,48,47,47,1,85
face-count,1457846050521,bob,1,104,104,62,50
face-count,1457846051030,bob,1,103,103,59,51
face-count,1457846051533,bob,1,102,102,59,53
face-count,1457846052056,bob,1,102,102,60,52
face-count,1457846052565,bob,1,100,100,62,54
face-count,1457846053083,bob,1,99,99,62,55
face-count,1457846053611,bob,1,93,93,70,56
face-count,1457846054120,bob,2,124,124,172,92,80,80,91,71
face-count,1457846054650,bob,1,72,72,101,82
face-count,1457846055147,bob,1,76,76,92,88
face-count,1457846055674,bob,1,74,74,96,92
face-count,1457846056179,bob,1,76,76,96,92
face-count,1457846056689,bob,1,74,74,97,93
face-count,1457846057202,bob,1,75,75,98,93
face-count,1457846057720,bob,1,76,76,101,92
face-count,1457846058231,bob,1,75,75,103,92
face-count,1457846058743,bob,1,72,72,108,88
face-count,1457846059272,bob,1,72,72,112,87
face-count,1457846059784,bob,1,73,73,121,74
face-count,1457846060297,bob,1,69,69,131,80
face-count,1457846060821,bob,1,70,70,127,83
face-count,1457846061352,bob,1,73,73,122,83
face-count,1457846061851,bob,1,74,74,118,83
face-count,1457846062376,bob,1,76,76,119,79
face-count,1457846062883,bob,1,74,74,125,85
face-count,1457846063404,bob,1,76,76,121,84
face-count,1457846063917,bob,1,75,75,118,83
face-count,1457846064470,bob,1,74,74,119,87
face-count,1457846065007,bob,4,92,92,3,132,84,84,110,84,69,69,8,125,69,69,144,168
face-count,1457846065595,bob,1,80,80,110,86
face-count,1457846066255,bob,3,79,79,125,86,63,63,4,106,63,63,118,140
face-count,1457846066581,bob,3,78,78,117,84,71,71,3,97,71,71,108,129
face-count,1457846067028,bob,5,108,108,189,101,75,75,114,81,52,52,5,85,52,52,97,116,43,43,90,105
face-count,1457846067527,bob,3,82,82,88,77,45,45,3,57,45,45,71,83
face-count,1457846068044,bob,1,83,83,95,45
face-count,1457846068552,bob,1,84,84,95,40
face-count,1457846069066,bob,1,80,80,96,54
face-count,1457846069601,bob,1,81,81,88,49
face-count,1457846070117,bob,1,88,88,84,50
face-count,1457846070631,bob,1,87,87,89,54
face-count,1457846071135,bob,1,90,90,88,55
face-count,1457846076659,bob,1,77,77,83,93
face-count,1457846077151,bob,1,76,76,89,77
face-count,1457846077676,bob,1,75,75,98,84
face-count,1457846078196,bob,1,72,72,91,87
face-count,1457846078706,bob,1,67,67,85,86
face-count,1457846079218,bob,1,70,70,81,86
face-count,1457846079738,bob,1,79,79,86,75
face-count,1457846080252,bob,1,78,78,91,81
face-count,1457846081005,bob,1,80,80,91,85
face-count,1457846081519,bob,1,70,70,91,99
face-count,1457846082048,bob,3,78,78,89,101,56,56,2,103,56,56,143,142
face-count,1457846082570,bob,2,77,77,92,102,63,63,125,126
face-count,1457846083298,bob,2,76,76,157,105,73,73,94,104
face-count,1457846083557,bob,1,75,75,90,105
face-count,1457846084060,bob,1,75,75,89,103
face-count,1457846084581,bob,1,76,76,89,103
face-count,1457846085097,bob,1,72,72,89,105
face-count,1457846085625,bob,1,80,80,81,114
face-count,1457846086121,bob,1,91,91,63,110
face-count,1457846086654,bob,1,99,99,61,96
face-count,1457846087146,bob,1,98,98,63,84
face-count,1457846087675,bob,1,98,98,65,84
face-count,1457846088177,bob,2,96,96,69,85,43,43,41,80
face-count,1457846088704,bob,1,95,95,69,90
face-count,1457846089207,bob,1,97,97,67,101
face-count,1457846089727,bob,1,95,95,67,102
face-count,1457846090243,bob,1,93,93,68,105
face-count,1457846090758,bob,1,90,90,72,108
face-count,1457846091273,bob,1,92,92,73,107
face-count,1457846091788,bob,1,89,89,73,109
face-count,1457846092312,bob,1,90,90,73,108
face-count,1457846092820,bob,1,90,90,72,107
face-count,1457846093340,bob,1,93,93,77,108
face-count,1457846093855,bob,1,93,93,79,111
face-count,1457846094379,bob,1,90,90,80,113
face-count,1457846094897,bob,1,93,93,74,110
face-count,1457846095421,bob,1,90,90,77,110
face-count,1457846095944,bob,1,91,91,95,61
face-count,1457846096462,bob,1,93,93,102,64
face-count,1457846096973,bob,1,95,95,97,67
face-count,1457846097515,bob,1,93,93,95,74
face-count,1457846098060,bob,3,90,90,94,82,69,69,166,159,52,52,155,141
face-count,1457846098557,bob,3,92,92,92,83,76,76,1,95,69,69,148,136
face-count,1457846099056,bob,2,94,94,84,49,84,84,158,146
face-count,1457846099549,bob,2,95,95,73,35,47,47,0,66
face-count,1457846100047,bob,1,99,99,80,70
face-count,1457846100568,bob,2,100,100,83,84,58,58,21,143
face-count,1457846101078,bob,2,131,131,174,92,101,101,82,80
face-count,1457846101601,bob,1,101,101,82,71
face-count,1457846102114,bob,2,116,116,180,99,99,99,91,67
face-count,1457846102638,bob,1,99,99,90,70
face-count,1457846103143,bob,3,123,123,178,100,105,105,83,72,47,47,39,79
face-count,1457846103694,bob,3,118,118,184,100,105,105,79,70,59,59,24,142
face-count,1457846104177,bob,2,128,128,175,94,107,107,77,71
face-count,1457846104705,bob,2,125,125,180,98,104,104,84,67
face-count,1457846105214,bob,2,126,126,181,99,102,102,81,69
face-count,1457846105729,bob,2,121,121,180,101,108,108,82,68
face-count,1457846106245,bob,2,129,129,176,94,108,108,81,67
face-count,1457846106768,bob,2,120,120,179,100,109,109,81,66
face-count,1457846107280,bob,2,129,129,173,96,107,107,80,66
face-count,1457846107804,bob,3,120,120,178,97,108,108,81,66,45,45,29,146
face-count,1457846108316,bob,2,120,120,180,97,108,108,82,66
face-count,1457846108833,bob,2,125,125,178,97,107,107,81,67
face-count,1457846109345,bob,2,122,122,175,96,105,105,79,68
face-count,1457846109860,bob,2,128,128,178,98,105,105,76,68
face-count,1457846110379,bob,2,98,98,77,73,43,43,41,80
face-count,1457846110901,bob,1,93,93,81,78
face-count,1457846111415,bob,1,96,96,79,78
face-count,1457846111932,bob,1,97,97,80,77
face-count,1457846112467,bob,1,91,91,82,79
face-count,1457846112981,bob,1,95,95,82,78
face-count,1457846113520,bob,2,126,126,172,99,93,93,85,78
face-count,1457846114047,bob,2,89,89,85,77,63,63,165,155
face-count,1457846114561,bob,3,91,91,86,76,63,63,3,97,63,63,149,142
face-count,1457846115067,bob,1,96,96,83,72
face-count,1457846115569,bob,2,95,95,86,74,47,47,1,64
face-count,1457846116081,bob,2,105,105,187,106,96,96,86,72
face-count,1457846116585,bob,1,96,96,86,71
face-count,1457846117082,bob,1,95,95,86,72
face-count,1457846117681,bob,1,94,94,86,72
face-count,1457846118117,bob,1,95,95,85,71
face-count,1457846118642,bob,1,93,93,85,72
face-count,1457846119143,bob,1,91,91,85,68
face-count,1457846119677,bob,2,104,104,186,104,84,84,97,63
face-count,1457846120178,bob,1,81,81,98,66
face-count,1457846120709,bob,1,79,79,100,67
face-count,1457846121214,bob,1,80,80,99,67
face-count,1457846121729,bob,1,82,82,98,67
face-count,1457846122253,bob,1,86,86,82,54
face-count,1457846122765,bob,1,92,92,69,45
face-count,1457846123276,bob,1,89,89,77,51
face-count,1457846123793,bob,1,88,88,79,52
face-count,1457846124310,bob,1,92,92,82,53
face-count,1457846124826,bob,1,89,89,83,55
face-count,1457846125357,bob,1,91,91,81,55
face-count,1457846125877,bob,1,90,90,86,55
face-count,1457846126420,bob,1,88,88,90,53
face-count,1457846126931,bob,1,93,93,95,54
face-count,1457846127415,bob,1,87,87,98,57
face-count,1457846127917,bob,1,89,89,93,54
face-count,1457846128432,bob,1,87,87,94,56
face-count,1457846128965,bob,1,86,86,94,59
face-count,1457846129489,bob,1,89,89,95,59
face-count,1457846130025,bob,1,92,92,95,61
face-count,1457846130544,bob,1,90,90,95,62
face-count,1457846131142,bob,2,86,86,97,65,84,84,142,131
face-count,1457846131587,bob,2,88,88,96,64,57,57,153,141
face-count,1457846132081,bob,1,88,88,97,64
face-count,1457846132582,bob,1,89,89,94,63
face-count,1457846133177,bob,2,85,85,93,63,44,44,47,140
face-count,1457846133601,bob,1,77,77,101,79
face-count,1457846134110,bob,1,75,75,107,85
face-count,1457846134638,bob,1,75,75,114,86
face-count,1457846135190,bob,1,79,79,116,80
face-count,1457846135681,bob,1,77,77,112,58
face-count,1457846136206,bob,2,86,86,109,47,45,45,57,132
face-count,1457846136714,bob,1,85,85,91,42
face-count,1457846137205,bob,1,91,91,72,43
face-count,1457846137716,bob,1,94,94,74,48
face-count,1457846138235,bob,1,92,92,57,67
face-count,1457846138745,bob,1,100,100,46,86
face-count,1457846139267,bob,1,77,77,93,62
face-count,1457846139781,bob,1,60,60,102,57
face-count,1457846140302,bob,1,76,76,72,58
face-count,1457846140809,bob,1,88,88,58,50
face-count,1457846141327,bob,1,84,84,64,49
face-count,1457846141848,bob,1,83,83,45,53
face-count,1457846142415,bob,1,76,76,42,78
face-count,1457846142877,bob,1,85,85,58,82
face-count,1457846143391,bob,1,85,85,72,91
face-count,1457846143917,bob,1,87,87,85,81
face-count,1457846144449,bob,1,88,88,93,79
face-count,1457846144955,bob,1,91,91,95,82
face-count,1457846145479,bob,1,87,87,92,92
face-count,1457846146011,bob,1,89,89,93,86
face-count,1457846146540,bob,1,91,91,92,64
face-count,1457846147125,bob,2,96,96,78,47,69,69,184,168
face-count,1457846147579,bob,4,126,126,178,95,106,106,68,48,76,76,163,150,43,43,264,64
face-count,1457846148128,bob,2,125,125,180,100,109,109,70,51
face-count,1457846148584,bob,1,105,105,70,56
face-count,1457846149092,bob,2,128,128,179,93,109,109,66,57
face-count,1457846149595,bob,2,126,126,179,95,108,108,68,57
face-count,1457846150112,bob,2,123,123,181,94,108,108,73,62
face-count,1457846150633,bob,1,109,109,73,61
face-count,1457846151134,bob,1,107,107,70,61
face-count,1457846151678,bob,2,126,126,180,92,109,109,68,60
face-count,1457846152171,bob,1,108,108,69,61
face-count,1457846152726,bob,1,107,107,66,61
face-count,1457846153201,bob,1,106,106,64,60
face-count,1457846153724,bob,1,111,111,64,58
face-count,1457846154231,bob,1,107,107,66,61
face-count,1457846154757,bob,1,109,109,66,61
face-count,1457846155264,bob,2,124,124,184,99,109,109,66,61
face-count,1457846155782,bob,1,110,110,66,57
face-count,1457846156286,bob,2,128,128,179,96,106,106,69,53
face-count,1457846156811,bob,1,100,100,87,62
face-count,1457846157373,bob,1,102,102,74,58
face-count,1457846157837,bob,1,97,97,70,65
face-count,1457846158349,bob,1,95,95,71,69
face-count,1457846158859,bob,2,120,120,182,98,98,98,74,68
face-count,1457846159378,bob,1,95,95,79,69
face-count,1457846159900,bob,1,88,88,80,76
face-count,1457846160407,bob,1,85,85,79,91
face-count,1457846160927,bob,1,84,84,85,89
face-count,1457846161443,bob,1,85,85,84,89
face-count,1457846161967,bob,1,87,87,81,91
face-count,1457846162599,bob,1,84,84,84,92
face-count,1457846163023,bob,1,91,91,81,87
face-count,1457846163546,bob,1,83,83,83,88
face-count,1457846164087,bob,3,84,84,190,148,83,83,83,88,76,76,0,129
face-count,1457846164602,bob,2,82,82,83,88,57,57,143,118
face-count,1457846165101,bob,1,84,84,82,88
face-count,1457846165613,bob,1,84,84,83,87
face-count,1457846166097,bob,1,84,84,82,90
face-count,1457846166619,bob,1,85,85,89,88
face-count,1457846167110,bob,1,86,86,92,105
face-count,1457846167645,bob,1,85,85,102,108
face-count,1457846168138,bob,1,86,86,103,108
face-count,1457846168670,bob,1,86,86,104,108
face-count,1457846169187,bob,1,85,85,103,87
face-count,1457846169702,bob,1,83,83,96,79
face-count,1457846170208,bob,1,81,81,98,68
face-count,1457846170734,bob,1,82,82,96,72
face-count,1457846171245,bob,1,87,87,94,67
face-count,1457846171758,bob,1,82,82,94,79
face-count,1457846172273,bob,1,78,78,77,92
face-count,1457846172791,bob,1,77,77,81,97
face-count,1457846173311,bob,1,77,77,79,97
face-count,1457846173824,bob,1,80,80,80,97
face-count,1457846174335,bob,1,78,78,80,102
face-count,1457846174853,bob,1,77,77,86,102
face-count,1457846175375,bob,1,81,81,86,93
face-count,1457846175892,bob,1,79,79,85,91
face-count,1457846176409,bob,1,79,79,83,92
face-count,1457846176925,bob,1,81,81,85,92
face-count,1457846177428,bob,1,79,79,91,94
face-count,1457846177943,bob,1,80,80,93,95
face-count,1457846178461,bob,1,81,81,92,97
face-count,1457846178984,bob,1,80,80,92,98
face-count,1457846179492,bob,1,81,81,91,97
face-count,1457846180004,bob,1,75,75,100,70
face-count,1457846180557,bob,1,76,76,92,47
face-count,1457846181090,bob,1,38,38,43,82
face-count,1457846181652,bob,3,83,83,96,28,76,76,1,99,76,76,135,128
face-count,1457846182109,bob,1,86,86,78,45
face-count,1457846182673,bob,3,76,76,84,57,76,76,152,143,72,72,4,113
face-count,1457846183163,bob,2,76,76,86,55,57,57,142,133
face-count,1457846183681,bob,3,72,72,88,56,63,63,2,91,63,63,125,119
face-count,1457846184170,bob,1,69,69,94,58
face-count,1457846184681,bob,1,49,49,128,41
face-count,1457846186731,bob,1,47,47,139,54
face-count,1457846188781,bob,1,47,47,151,68
face-count,1457846190324,bob,1,49,49,149,65
face-count,1457846190846,bob,1,55,55,150,39
face-count,1457846191360,bob,1,72,72,85,55
face-count,1457846191875,bob,1,90,90,67,104
face-count,1457846192394,bob,1,93,93,67,110
face-count,1457846192908,bob,1,98,98,62,95
face-count,1457846193425,bob,1,95,95,72,84
face-count,1457846193952,bob,1,82,82,90,77
face-count,1457846194979,bob,1,78,78,108,105
face-count,1457846195501,bob,2,79,79,107,98,47,47,76,181
face-count,1457846196010,bob,1,82,82,117,94
face-count,1457846196522,bob,1,81,81,120,105
face-count,1457846197041,bob,1,78,78,106,105
face-count,1457846197551,bob,1,59,59,143,41
face-count,1457846198058,bob,1,41,41,169,51
face-count,1457846199681,bob,2,80,80,148,145,78,78,4,109
face-count,1457846200695,bob,2,66,66,137,134,59,59,1,99
face-count,1457846201179,bob,2,45,45,102,104,43,43,2,78
face-count,1457846201688,bob,1,45,45,73,73
face-count,1457846202203,bob,2,67,67,171,110,48,48,120,44
face-count,1457846203239,bob,1,43,43,96,43
face-count,1457846203745,bob,1,50,50,83,44
face-count,1457846204254,bob,1,51,51,76,46
face-count,1457846205303,bob,1,46,46,35,124
face-count,1457846205812,bob,1,53,53,91,46
face-count,1457846206326,bob,1,55,55,88,46
face-count,1457846206843,bob,1,52,52,98,48
face-count,1457846207340,bob,1,41,41,103,48
face-count,1457846207862,bob,1,52,52,107,45
face-count,1457846208375,bob,1,70,70,95,62
face-count,1457846208892,bob,1,77,77,98,95
face-count,1457846209409,bob,1,81,81,99,103
face-count,1457846209934,bob,1,84,84,98,97
face-count,1457846210441,bob,1,89,89,94,91
face-count,1457846210962,bob,1,89,89,96,96
face-count,1457846211479,bob,1,87,87,96,103
face-count,1457846212001,bob,1,87,87,95,103
face-count,1457846212508,bob,1,85,85,94,104
face-count,1457846213024,bob,1,83,83,92,104
face-count,1457846213540,bob,1,87,87,89,93
face-count,1457846214060,bob,1,83,83,100,99
face-count,1457846214601,bob,1,84,84,103,100
face-count,1457846215136,bob,1,84,84,112,103
face-count,1457846215655,bob,1,92,92,116,101
face-count,1457846216184,bob,1,86,86,116,98
face-count,1457846216714,bob,2,85,85,112,75,69,69,153,153
face-count,1457846217189,bob,2,83,83,110,70,56,56,127,125
face-count,1457846217711,bob,1,87,87,123,80
face-count,1457846218197,bob,1,90,90,124,74
face-count,1457846218714,bob,1,86,86,123,73
face-count,1457846219213,bob,1,84,84,132,65
face-count,1457846219737,bob,1,77,77,134,55
face-count,1457846220250,bob,1,77,77,131,59
face-count,1457846220770,bob,1,77,77,119,51
face-count,1457846221281,bob,1,75,75,110,64
face-count,1457846221794,bob,1,72,72,100,78
face-count,1457846222312,bob,1,72,72,103,83
face-count,1457846222833,bob,1,72,72,112,83
face-count,1457846223346,bob,1,74,74,129,86
face-count,1457846223857,bob,1,72,72,132,87
face-count,1457846224377,bob,2,112,112,187,95,71,71,117,86
face-count,1457846224901,bob,2,106,106,178,102,69,69,107,89
face-count,1457846225451,bob,2,107,107,171,105,68,68,101,91
face-count,1457846225966,bob,2,108,108,169,104,69,69,102,91
face-count,1457846226484,bob,2,106,106,170,106,68,68,103,92
face-count,1457846227003,bob,2,107,107,171,105,68,68,101,89
face-count,1457846227506,bob,2,106,106,170,107,68,68,104,85
face-count,1457846228013,bob,2,111,111,166,103,67,67,100,89
face-count,1457846228534,bob,2,113,113,165,98,71,71,94,91
face-count,1457846229049,bob,2,109,109,166,105,69,69,91,94
face-count,1457846229577,bob,2,109,109,168,106,78,78,71,105
face-count,1457846230123,bob,2,105,105,172,108,81,81,66,107
face-count,1457846230663,bob,2,113,113,170,104,86,86,60,103
face-count,1457846231177,bob,2,111,111,174,105,90,90,62,104
face-count,1457846231723,bob,3,113,113,174,106,92,92,133,122,91,91,65,104
face-count,1457846232203,bob,2,111,111,176,106,81,81,69,109
face-count,1457846232726,bob,2,110,110,178,107,87,87,66,106
face-count,1457846233213,bob,3,106,106,180,110,87,87,67,107,41,41,65,59
face-count,1457846233723,bob,3,113,113,176,106,87,87,68,106,43,43,72,66
face-count,1457846234242,bob,2,108,108,178,110,90,90,67,106
face-count,1457846234749,bob,2,114,114,176,107,89,89,68,106
face-count,1457846235267,bob,2,112,112,177,108,88,88,67,107
face-count,1457846235785,bob,2,115,115,175,106,85,85,70,108
face-count,1457846236303,bob,2,115,115,176,106,87,87,70,103
face-count,1457846236817,bob,2,116,116,175,107,86,86,71,105
face-count,1457846237306,bob,2,113,113,174,107,86,86,70,104
face-count,1457846237830,bob,2,113,113,174,111,87,87,66,103
face-count,1457846238345,bob,2,110,110,174,113,86,86,66,104
face-count,1457846238861,bob,2,112,112,174,111,83,83,67,104
face-count,1457846239384,bob,2,110,110,178,113,86,86,65,104
face-count,1457846239896,bob,2,113,113,173,111,82,82,68,105
face-count,1457846240417,bob,2,110,110,173,111,86,86,68,104
face-count,1457846240933,bob,2,114,114,170,109,85,85,69,105
face-count,1457846241453,bob,2,114,114,171,109,84,84,70,105
face-count,1457846241969,bob,2,109,109,174,112,86,86,68,104
face-count,1457846242491,bob,2,112,112,173,109,85,85,69,105
face-count,1457846243005,bob,2,112,112,174,109,85,85,72,100
face-count,1457846244385,bob,2,107,107,176,112,88,88,73,97
face-count,1457846244890,bob,2,109,109,173,112,87,87,75,102
face-count,1457846245406,bob,2,105,105,174,113,87,87,75,103
face-count,1457846245964,bob,2,109,109,174,110,89,89,74,102
face-count,1457846246464,bob,2,110,110,175,107,83,83,79,103
face-count,1457846246985,bob,2,105,105,201,101,86,86,87,84
face-count,1457846247538,bob,2,111,111,199,105,82,82,92,91
face-count,1457846248003,bob,2,114,114,196,105,76,76,92,102
face-count,1457846248523,bob,2,116,116,190,104,74,74,96,111
face-count,1457846249035,bob,2,117,117,192,100,76,76,95,108
face-count,1457846249553,bob,2,111,111,201,100,89,89,79,95
face-count,1457846250069,bob,3,108,108,208,106,95,95,67,91,53,53,170,135
face-count,1457846250584,bob,2,108,108,205,104,96,96,73,90
face-count,1457846251111,bob,2,101,101,209,109,99,99,71,86
face-count,1457846251661,bob,2,101,101,210,108,92,92,78,88
face-count,1457846252148,bob,1,92,92,78,87
face-count,1457846252712,bob,1,92,92,81,86
face-count,1457846253211,bob,4,91,91,86,86,47,47,69,153,43,43,79,171,39,39,92,193
face-count,1457846253753,bob,2,92,92,86,87,62,62,146,147
face-count,1457846254235,bob,1,94,94,85,83
face-count,1457846254732,bob,2,108,108,208,111,97,97,88,79
face-count,1457846255236,bob,2,108,108,206,111,95,95,93,80
face-count,1457846255759,bob,2,107,107,206,112,97,97,93,78
face-count,1457846256266,bob,2,102,102,207,115,94,94,95,79
face-count,1457846256782,bob,2,104,104,208,114,96,96,94,79
face-count,1457846257298,bob,2,103,103,211,114,96,96,94,78
face-count,1457846257812,bob,2,104,104,208,114,95,95,94,78
face-count,1457846258324,bob,2,104,104,201,113,95,95,96,78
face-count,1457846258834,bob,2,103,103,199,111,92,92,97,70
face-count,1457846259351,bob,2,102,102,196,112,92,92,91,74
face-count,1457846259865,bob,2,98,98,200,114,92,92,92,75
face-count,1457846260386,bob,2,100,100,194,112,90,90,92,76
face-count,1457846260907,bob,2,101,101,193,112,92,92,90,76
face-count,1457846261419,bob,2,101,101,192,113,89,89,93,79
face-count,1457846261936,bob,2,98,98,194,115,90,90,92,79
face-count,1457846262458,bob,2,98,98,192,113,89,89,92,81
face-count,1457846262980,bob,2,101,101,191,113,89,89,91,82
face-count,1457846263490,bob,2,101,101,190,113,89,89,91,83
face-count,1457846264009,bob,2,102,102,190,112,89,89,92,82
face-count,1457846264527,bob,2,102,102,189,112,86,86,93,84
face-count,1457846265042,bob,2,100,100,190,113,86,86,93,85
face-count,1457846265557,bob,2,102,102,191,112,89,89,91,84
face-count,1457846266064,bob,2,102,102,191,113,88,88,92,85
face-count,1457846266584,bob,2,105,105,188,111,87,87,90,85
face-count,1457846267099,bob,2,106,106,190,111,87,87,89,86
face-count,1457846267611,bob,2,110,110,188,110,87,87,89,86
face-count,1457846268147,bob,2,115,115,187,106,85,85,90,87
face-count,1457846268812,bob,2,111,111,188,109,90,90,87,84
face-count,1457846269160,bob,2,111,111,190,110,83,83,90,87
face-count,1457846269718,bob,2,109,109,191,110,87,87,88,85
face-count,1457846270228,bob,2,104,104,199,114,90,90,97,70
face-count,1457846270765,bob,4,111,111,204,108,82,82,104,87,63,63,188,168,52,52,174,155
face-count,1457846271269,bob,2,89,89,93,94,69,69,1,104
face-count,1457846271759,bob,2,90,90,91,103,52,52,152,142
face-count,1457846272260,bob,1,87,87,89,104
face-count,1457846272768,bob,1,86,86,91,105
face-count,1457846273281,bob,1,87,87,95,104
face-count,1457846273808,bob,1,84,84,101,100
face-count,1457846274313,bob,1,84,84,106,102
face-count,1457846274833,bob,1,88,88,110,94
face-count,1457846275354,bob,1,91,91,103,82
face-count,1457846275871,bob,1,92,92,91,91
face-count,1457846276392,bob,1,91,91,92,97
face-count,1457846276905,bob,1,93,93,97,94
face-count,1457846277416,bob,1,97,97,93,94
face-count,1457846277919,bob,1,97,97,98,92
face-count,1457846278441,bob,1,100,100,101,87
face-count,1457846278951,bob,1,105,105,105,78
face-count,1457846279473,bob,1,106,106,100,58
face-count,1457846280091,bob,1,101,101,87,26
face-count,1457846280593,bob,1,109,109,79,30
face-count,1457846281112,bob,1,104,104,92,41
face-count,1457846281645,bob,1,103,103,89,41
face-count,1457846282130,bob,1,105,105,85,40
face-count,1457846282687,bob,1,111,111,85,38
face-count,1457846283190,bob,1,110,110,86,36
face-count,1457846283739,bob,1,111,111,89,36
face-count,1457846284262,bob,2,120,120,83,31,69,69,170,169
face-count,1457846284787,bob,2,108,108,91,37,57,57,159,156
face-count,1457846285278,bob,2,109,109,89,37,57,57,140,142
face-count,1457846285774,bob,1,111,111,88,37
face-count,1457846286275,bob,1,108,108,90,39
face-count,1457846286786,bob,1,109,109,89,39
face-count,1457846287307,bob,1,108,108,86,39
face-count,1457846287798,bob,2,108,108,82,42,76,76,205,2
face-count,1457846288321,bob,2,102,102,69,64,72,72,220,14
face-count,1457846288833,bob,2,98,98,72,71,67,67,217,21
face-count,1457846289352,bob,2,89,89,73,93,68,68,210,20
face-count,1457846289870,bob,2,90,90,79,90,69,69,205,20
face-count,1457846290386,bob,2,90,90,80,94,71,71,209,17
face-count,1457846290960,bob,2,92,92,77,92,92,92,152,115
face-count,1457846291414,bob,1,88,88,78,95
face-count,1457846291930,bob,2,89,89,76,94,79,79,187,52
face-count,1457846292455,bob,1,90,90,78,92
face-count,1457846293016,bob,2,90,90,76,88,84,84,116,92
face-count,1457846293491,bob,2,86,86,77,92,76,76,185,43
face-count,1457846294005,bob,2,88,88,73,91,84,84,186,38
face-count,1457846294518,bob,1,88,88,72,97
face-count,1457846295032,bob,1,87,87,76,97
face-count,1457846295553,bob,1,83,83,91,91
face-count,1457846296075,bob,1,77,77,98,86
face-count,1457846296580,bob,1,60,60,125,68
face-count,1457846297102,bob,1,63,63,131,67
face-count,1457846297631,bob,1,69,69,120,76
face-count,1457846298130,bob,1,65,65,116,82
face-count,1457846298666,bob,1,67,67,111,73
face-count,1457846299188,bob,1,74,74,102,56
face-count,1457846299723,bob,1,80,80,83,50
face-count,1457846300256,bob,1,89,89,80,47
face-count,1457846300792,bob,1,87,87,85,50
face-count,1457846301297,bob,2,90,90,87,54,69,69,175,142
face-count,1457846301816,bob,1,90,90,83,53
face-count,1457846302307,bob,1,84,84,84,59
face-count,1457846302803,bob,1,82,82,96,48
face-count,1457846303320,bob,1,54,54,145,36
face-count,1457846304350,bob,1,49,49,134,58
face-count,1457846304859,bob,1,72,72,105,30
face-count,1457846305416,bob,1,85,85,98,80
face-count,1457846305892,bob,1,94,94,97,95
face-count,1457846306408,bob,1,94,94,101,98
face-count,1457846306930,bob,1,92,92,101,98
face-count,1457846307448,bob,1,93,93,102,98
face-count,1457846307937,bob,1,92,92,101,100
face-count,1457846308463,bob,1,86,86,118,73
face-count,1457846308966,bob,2,88,88,120,65,47,47,81,158
face-count,1457846309483,bob,2,88,88,122,69,48,48,81,159
face-count,1457846310005,bob,2,91,91,123,69,49,49,81,157
face-count,1457846310517,bob,2,86,86,128,73,44,44,89,161
face-count,1457846311044,bob,1,57,57,167,28
face-count,1457846311557,bob,1,52,52,163,35
face-count,1457846312071,bob,1,56,56,153,46
face-count,1457846312632,bob,1,60,60,154,44
face-count,1457846313102,bob,1,55,55,160,45
face-count,1457846313627,bob,1,57,57,156,44
face-count,1457846314136,bob,1,56,56,152,46
face-count,1457846314667,bob,2,108,108,183,97,56,56,153,34
face-count,1457846315165,bob,1,116,116,185,93
face-count,1457846315683,bob,1,111,111,199,99
face-count,1457846317311,bob,1,63,63,143,134
face-count,1457846317797,bob,1,57,57,162,147
face-count,1457846318306,bob,4,97,97,217,87,57,57,109,102,47,47,126,117,46,46,190,71
face-count,1457846318804,bob,1,61,61,111,53
face-count,1457846321354,bob,1,55,55,184,21
face-count,1457846321888,bob,2,62,62,182,20,38,38,77,187
face-count,1457846324444,bob,1,99,99,214,92
face-count,1457846325004,bob,2,106,106,207,92,44,44,191,68
face-count,1457846325482,bob,1,104,104,208,95
face-count,1457846325993,bob,1,102,102,208,96
face-count,1457846326513,bob,1,103,103,209,98
face-count,1457846327032,bob,1,103,103,210,99
face-count,1457846327549,bob,1,99,99,214,102
face-count,1457846328058,bob,1,101,101,212,102
face-count,1457846328566,bob,1,101,101,212,102
face-count,1457846329079,bob,1,38,38,223,124
face-count,1457846329601,bob,1,39,39,226,120
face-count,1457846330401,bob,1,48,48,182,64
