slideUpdate/104,1457845709271,bob,104,1
slideUpdate/104,1457845710726,bob,104,2
slideUpdate/104,1457845711479,bob,104,3
slideUpdate/104,1457845711806,bob,104,4
slideUpdate/104,1457845712133,bob,104,5
slideUpdate/104,1457845712465,bob,104,6
slideUpdate/104,1457845712936,bob,104,7
slideUpdate/104,1457845713304,bob,104,8
slideUpdate/104,1457845713717,bob,104,9
slideUpdate/104,1457845714094,bob,104,10
slideUpdate/104,1457845714538,bob,104,11
slideUpdate/104,1457845714975,bob,104,12
slideUpdate/104,1457845715499,bob,104,13
slideUpdate/104,1457845716051,bob,104,14
slideUpdate/104,1457845716573,bob,104,15
slideUpdate/104,1457845717149,bob,104,16
slideUpdate/104,1457845719834,bob,104,17
slideUpdate/104,1457845720721,bob,104,18
slideUpdate/104,1457845722267,bob,104,19
slideUpdate/104,1457845722980,bob,104,20
slideUpdate/104,1457845724613,bob,104,21
slideUpdate/104,1457845726690,bob,104,22
slideUpdate/104,1457845727217,bob,104,23
slideUpdate/104,1457845727643,bob,104,24
slideUpdate/104,1457845727860,bob,104,25
slideUpdate/104,1457845729767,bob,104,0
slideUpdate/104,1457845733436,bob,104,1
slideUpdate/104,1457846000686,bob,104,1
slideUpdate/104,1457846000875,bob,104,2
slideUpdate/104,1457846001060,bob,104,3
slideUpdate/104,1457846001260,bob,104,4
slideUpdate/104,1457846002017,bob,104,5
slideUpdate/104,1457846002073,bob,104,6
slideUpdate/104,1457846002137,bob,104,7
slideUpdate/104,1457846002842,bob,104,8
slideUpdate/104,1457846003093,bob,104,9
slideUpdate/104,1457846003831,bob,104,10
slideUpdate/104,1457846004085,bob,104,11
slideUpdate/104,1457846004326,bob,104,12
slideUpdate/104,1457846004626,bob,104,13
slideUpdate/104,1457846005215,bob,104,14
slideUpdate/104,1457846005635,bob,104,15
slideUpdate/104,1457846006258,bob,104,16
