face-count,1457845634190,charlie,1,40,40,168,198
face-count,1457845634690,charlie,1,43,43,167,195
face-count,1457845635204,charlie,1,49,49,160,184
face-count,1457845635701,charlie,2,49,49,165,183,46,46,38,191
face-count,1457845636200,charlie,2,50,50,32,182,50,50,152,180
face-count,1457845636703,charlie,2,51,51,13,179,48,48,145,183
face-count,1457845637197,charlie,1,50,50,143,181
face-count,1457845637706,charlie,1,49,49,137,181
face-count,1457845638195,charlie,2,52,52,151,180,43,43,0,182
face-count,1457845638704,charlie,2,50,50,154,181,44,44,0,185
face-count,1457845639208,charlie,2,50,50,146,178,40,40,0,185
face-count,1457845639701,charlie,1,50,50,140,180
face-count,1457845640205,charlie,1,50,50,136,179
face-count,1457845640705,charlie,1,51,51,141,179
face-count,1457845641215,charlie,1,51,51,142,179
face-count,1457845641704,charlie,1,51,51,140,180
face-count,1457845642211,charlie,1,52,52,139,180
face-count,1457845642705,charlie,1,52,52,138,180
face-count,1457845643205,charlie,1,51,51,139,180
face-count,1457845643709,charlie,1,52,52,138,179
face-count,1457845644211,charlie,1,51,51,140,179
face-count,1457845644704,charlie,1,51,51,138,179
face-count,1457845645205,charlie,1,52,52,136,178
face-count,1457845645710,charlie,1,51,51,138,179
face-count,1457845646207,charlie,1,51,51,139,179
face-count,1457845646712,charlie,1,51,51,139,179
face-count,1457845647208,charlie,1,50,50,138,177
face-count,1457845647713,charlie,1,51,51,138,177
face-count,1457845648204,charlie,1,50,50,139,179
face-count,1457845648714,charlie,1,51,51,139,178
face-count,1457845649207,charlie,1,50,50,139,179
face-count,1457845649713,charlie,1,51,51,139,179
face-count,1457845650226,charlie,1,51,51,139,179
face-count,1457845650713,charlie,1,50,50,141,179
face-count,1457845651214,charlie,1,50,50,140,179
face-count,1457845651716,charlie,1,49,49,151,179
face-count,1457845652216,charlie,1,47,47,160,178
face-count,1457845652714,charlie,1,47,47,184,173
face-count,1457845653716,charlie,1,49,49,199,176
face-count,1457845654216,charlie,1,48,48,201,180
face-count,1457845654876,charlie,1,51,51,195,177
face-count,1457845655210,charlie,1,50,50,177,176
face-count,1457845655728,charlie,1,51,51,180,179
face-count,1457845656213,charlie,1,49,49,199,181
face-count,1457845656718,charlie,1,47,47,208,184
face-count,1457845657214,charlie,1,47,47,205,187
face-count,1457845657721,charlie,1,44,44,221,192
face-count,1457845663725,charlie,1,50,50,191,179
face-count,1457845664219,charlie,1,50,50,157,174
face-count,1457845664731,charlie,1,55,55,150,173
face-count,1457845665237,charlie,1,52,52,149,176
face-count,1457845665767,charlie,1,43,43,155,179
face-count,1457845666268,charlie,1,54,54,155,175
face-count,1457845666772,charlie,1,63,63,154,171
face-count,1457845667258,charlie,1,42,42,166,182
face-count,1457845667749,charlie,1,47,47,164,181
face-count,1457845668217,charlie,1,45,45,187,187
face-count,1457845668717,charlie,1,44,44,201,189
face-count,1457845671221,charlie,1,47,47,215,187
face-count,1457845671723,charlie,1,49,49,218,188
face-count,1457845673732,charlie,2,70,70,151,136,49,49,165,184
face-count,1457845674225,charlie,1,49,49,156,184
face-count,1457845674725,charlie,1,48,48,162,184
face-count,1457845675217,charlie,1,49,49,160,180
face-count,1457845675724,charlie,2,53,53,23,119,50,50,158,179
face-count,1457845676228,charlie,2,51,51,61,127,50,50,162,180
face-count,1457845676737,charlie,2,51,51,53,135,45,45,185,185
face-count,1457845677228,charlie,2,48,48,72,135,44,44,189,190
face-count,1457845677719,charlie,2,43,43,74,132,43,43,193,195
face-count,1457845678223,charlie,2,49,49,172,187,44,44,71,134
face-count,1457845678750,charlie,3,64,64,148,171,52,52,70,135,43,43,83,61
face-count,1457845679228,charlie,2,54,54,165,164,48,48,70,136
face-count,1457845679737,charlie,2,50,50,164,179,49,49,70,136
face-count,1457845680241,charlie,2,52,52,162,175,46,46,70,137
face-count,1457845680733,charlie,2,53,53,162,168,44,44,70,136
face-count,1457845681234,charlie,2,55,55,159,167,45,45,69,136
face-count,1457845681729,charlie,2,55,55,159,168,45,45,70,136
face-count,1457845682240,charlie,2,54,54,160,169,46,46,71,136
face-count,1457845682744,charlie,2,53,53,159,170,46,46,73,136
face-count,1457845683232,charlie,2,54,54,157,170,49,49,64,135
face-count,1457845683733,charlie,2,53,53,156,170,49,49,48,133
face-count,1457845684231,charlie,2,54,54,153,170,48,48,33,131
face-count,1457845684733,charlie,2,57,57,149,168,49,49,25,131
face-count,1457845685243,charlie,2,61,61,144,165,46,46,22,133
face-count,1457845685772,charlie,3,101,101,117,79,56,56,148,168,45,45,19,134
face-count,1457845686286,charlie,4,84,84,128,89,76,76,139,158,50,50,153,170,48,48,20,133
face-count,1457845686780,charlie,3,84,84,136,88,55,55,150,166,50,50,29,133
face-count,1457845687350,charlie,2,67,67,145,161,49,49,42,135
face-count,1457845687787,charlie,2,57,57,151,165,45,45,53,133
face-count,1457845688256,charlie,2,55,55,153,166,43,43,60,133
face-count,1457845688734,charlie,2,56,56,152,166,46,46,61,130
face-count,1457845689237,charlie,2,57,57,152,166,49,49,58,129
face-count,1457845689742,charlie,2,57,57,152,166,47,47,59,130
face-count,1457845690234,charlie,2,56,56,153,166,50,50,62,129
face-count,1457845690733,charlie,2,56,56,153,166,50,50,62,129
face-count,1457845691235,charlie,2,55,55,155,167,47,47,63,130
face-count,1457845691745,charlie,2,56,56,154,166,47,47,64,129
face-count,1457845692238,charlie,2,56,56,153,166,46,46,57,128
face-count,1457845692739,charlie,1,56,56,153,166
face-count,1457845693235,charlie,1,57,57,153,167
face-count,1457845693731,charlie,1,56,56,150,166
face-count,1457845694244,charlie,1,55,55,144,164
face-count,1457845694738,charlie,2,55,55,150,165,48,48,50,126
face-count,1457845695240,charlie,1,56,56,152,164
face-count,1457845695737,charlie,1,64,64,139,154
face-count,1457845696237,charlie,1,71,71,134,123
face-count,1457845696734,charlie,1,74,74,136,108
face-count,1457845697239,charlie,1,71,71,145,111
face-count,1457845697741,charlie,2,61,61,156,136,50,50,54,126
face-count,1457845698237,charlie,2,55,55,156,161,52,52,54,128
face-count,1457845698735,charlie,2,55,55,153,162,52,52,55,130
face-count,1457845699242,charlie,2,54,54,151,163,53,53,55,130
face-count,1457845699750,charlie,2,53,53,151,163,52,52,55,130
face-count,1457845700249,charlie,2,53,53,150,163,52,52,56,130
face-count,1457845700752,charlie,2,56,56,151,162,54,54,55,129
face-count,1457845701256,charlie,2,54,54,153,163,53,53,56,130
face-count,1457845701767,charlie,2,70,70,153,157,60,60,53,126
face-count,1457845702282,charlie,2,53,53,58,125,52,52,78,61
face-count,1457845702805,charlie,2,62,62,195,164,51,51,62,123
face-count,1457845703294,charlie,3,76,76,100,80,52,52,171,163,50,50,61,124
face-count,1457845703792,charlie,2,54,54,159,161,46,46,63,128
face-count,1457845704288,charlie,2,54,54,155,161,48,48,62,128
face-count,1457845704776,charlie,2,52,52,152,164,47,47,63,127
face-count,1457845705243,charlie,2,59,59,148,161,46,46,60,127
face-count,1457845705768,charlie,2,56,56,150,163,51,51,58,128
face-count,1457845706252,charlie,2,57,57,150,163,50,50,58,129
face-count,1457845706746,charlie,2,58,58,150,163,50,50,59,129
face-count,1457845707255,charlie,2,57,57,149,163,51,51,60,130
face-count,1457845707750,charlie,2,56,56,151,164,50,50,57,122
face-count,1457845708246,charlie,2,58,58,152,162,53,53,52,119
face-count,1457845708747,charlie,2,58,58,151,162,50,50,53,121
face-count,1457845709250,charlie,2,58,58,150,163,51,51,54,121
face-count,1457845709745,charlie,2,59,59,149,162,47,47,55,123
face-count,1457845710248,charlie,2,59,59,147,162,50,50,53,123
face-count,1457845710759,charlie,2,59,59,148,162,51,51,49,126
face-count,1457845711255,charlie,2,59,59,147,163,48,48,52,130
face-count,1457845711747,charlie,2,59,59,147,162,48,48,56,130
face-count,1457845712256,charlie,2,58,58,146,163,49,49,58,131
face-count,1457845712760,charlie,2,58,58,147,161,49,49,58,131
face-count,1457845713251,charlie,2,58,58,146,161,47,47,59,132
face-count,1457845713756,charlie,2,61,61,143,160,46,46,58,132
face-count,1457845714250,charlie,2,60,60,142,160,49,49,56,131
face-count,1457845714754,charlie,2,60,60,142,159,49,49,57,130
face-count,1457845715256,charlie,2,57,57,148,160,54,54,52,124
face-count,1457845715750,charlie,2,57,57,150,160,54,54,44,118
face-count,1457845716256,charlie,2,58,58,149,159,56,56,39,119
face-count,1457845716757,charlie,2,60,60,38,119,60,60,149,159
face-count,1457845717266,charlie,2,70,70,145,152,50,50,94,75
face-count,1457845717791,charlie,2,59,59,42,120,59,59,159,159
face-count,1457845718296,charlie,2,51,51,169,168,50,50,67,129
face-count,1457845718815,charlie,1,60,60,76,126
face-count,1457845719328,charlie,3,101,101,141,108,64,64,82,124,43,43,92,135
face-count,1457845719798,charlie,2,49,49,188,167,48,48,84,131
face-count,1457845720291,charlie,2,50,50,212,169,49,49,83,131
face-count,1457845720865,charlie,3,76,76,154,123,50,50,216,170,49,49,82,131
face-count,1457845721304,charlie,3,69,69,125,100,60,60,76,126,52,52,118,95
face-count,1457845721858,charlie,3,69,69,161,126,55,55,74,128,52,52,224,177
face-count,1457845722337,charlie,3,76,76,179,138,54,54,223,175,52,52,72,130
face-count,1457845722811,charlie,2,51,51,224,175,46,46,55,139
face-count,1457845723253,charlie,1,52,52,223,174
face-count,1457845723755,charlie,1,52,52,215,170
face-count,1457845724251,charlie,1,48,48,220,172
face-count,1457845724764,charlie,1,47,47,218,172
face-count,1457845725260,charlie,2,51,51,217,170,42,42,39,148
face-count,1457845725752,charlie,1,49,49,218,171
face-count,1457845726250,charlie,1,52,52,214,170
face-count,1457845726764,charlie,1,55,55,196,168
face-count,1457845727288,charlie,1,53,53,191,169
face-count,1457845727759,charlie,2,53,53,198,169,36,36,92,160
face-count,1457845728257,charlie,2,52,52,197,170,38,38,95,160
face-count,1457845728759,charlie,2,55,55,184,170,41,41,94,158
face-count,1457845729255,charlie,2,53,53,181,174,41,41,93,159
face-count,1457845729757,charlie,2,54,54,177,173,42,42,91,159
face-count,1457845730261,charlie,2,54,54,177,173,40,40,91,160
face-count,1457845730762,charlie,2,57,57,168,170,47,47,89,157
face-count,1457845731755,charlie,1,52,52,164,176
face-count,1457845732266,charlie,2,54,54,166,173,38,38,87,156
face-count,1457845732827,charlie,2,76,76,151,157,63,63,90,65
face-count,1457845733272,charlie,3,65,65,148,163,52,52,72,149,43,43,70,52
face-count,1457845733801,charlie,1,63,63,150,164
face-count,1457845734281,charlie,1,66,66,154,160
face-count,1457845734799,charlie,2,68,68,147,160,37,37,85,157
face-count,1457845735319,charlie,3,92,92,115,80,71,71,135,158,35,35,90,160
face-count,1457845735892,charlie,1,65,65,145,162
face-count,1457845736308,charlie,1,63,63,149,162
face-count,1457845736772,charlie,1,58,58,146,178
face-count,1457845737754,charlie,1,69,69,135,161
face-count,1457845738260,charlie,1,70,70,131,126
face-count,1457845738758,charlie,1,59,59,136,169
face-count,1457845739274,charlie,2,92,92,124,135,63,63,117,163
face-count,1457845739759,charlie,1,59,59,125,172
face-count,1457845740282,charlie,3,111,111,42,95,76,76,40,85,59,59,128,169
face-count,1457845740760,charlie,1,61,61,128,169
face-count,1457845741257,charlie,1,56,56,136,178
face-count,1457845741763,charlie,1,57,57,134,179
face-count,1457845742262,charlie,2,57,57,133,179,43,43,55,144
face-count,1457845742762,charlie,2,57,57,134,178,42,42,80,142
face-count,1457845743259,charlie,1,56,56,134,178
face-count,1457845743762,charlie,1,57,57,135,176
face-count,1457845744261,charlie,1,57,57,136,176
face-count,1457845744758,charlie,1,58,58,136,176
face-count,1457845745260,charlie,2,63,63,1,112,58,58,136,177
face-count,1457845745760,charlie,1,58,58,135,176
face-count,1457845746266,charlie,1,57,57,135,176
face-count,1457845746762,charlie,1,57,57,135,177
face-count,1457845747273,charlie,1,56,56,136,177
face-count,1457845747763,charlie,1,56,56,137,178
face-count,1457845748262,charlie,1,57,57,136,177
face-count,1457845748764,charlie,1,58,58,136,177
face-count,1457845749275,charlie,1,56,56,137,177
face-count,1457845749824,charlie,1,60,60,136,176
face-count,1457845750280,charlie,1,59,59,137,176
face-count,1457845750817,charlie,1,56,56,138,178
face-count,1457845751345,charlie,2,69,69,109,88,55,55,138,178
face-count,1457845751851,charlie,2,92,92,147,116,59,59,137,176
face-count,1457845752346,charlie,1,92,92,129,98
face-count,1457845752859,charlie,1,56,56,139,178
face-count,1457845753809,charlie,1,58,58,137,176
face-count,1457845754264,charlie,1,56,56,138,179
face-count,1457845754834,charlie,2,92,92,156,113,62,62,137,171
face-count,1457845755350,charlie,2,70,70,2,119,64,64,141,166
face-count,1457845755852,charlie,3,74,74,0,121,74,74,139,158,40,40,76,152
face-count,1457845756270,charlie,2,76,76,3,116,61,61,143,166
face-count,1457845756771,charlie,2,76,76,2,116,62,62,142,166
face-count,1457845757321,charlie,2,92,92,177,131,58,58,143,168
face-count,1457845757765,charlie,1,62,62,141,166
face-count,1457845758261,charlie,2,71,71,0,121,62,62,141,166
face-count,1457845758765,charlie,2,69,69,2,126,61,61,140,167
face-count,1457845759258,charlie,1,63,63,139,167
face-count,1457845759773,charlie,1,61,61,140,167
face-count,1457845760313,charlie,1,76,76,132,158
face-count,1457845760762,charlie,1,63,63,140,166
face-count,1457845761271,charlie,2,69,69,1,118,62,62,140,167
face-count,1457845761766,charlie,2,74,74,1,115,63,63,139,166
face-count,1457845762273,charlie,2,74,74,3,109,62,62,139,167
face-count,1457845762810,charlie,3,68,68,2,111,62,62,139,166,43,43,73,53
face-count,1457845763376,charlie,1,66,66,134,163
face-count,1457845763773,charlie,2,72,72,3,108,61,61,131,164
face-count,1457845764278,charlie,2,75,75,4,110,61,61,130,164
face-count,1457845764776,charlie,2,73,73,3,112,63,63,128,163
face-count,1457845765272,charlie,2,72,72,5,114,60,60,130,165
face-count,1457845765770,charlie,2,68,68,1,115,62,62,127,165
face-count,1457845766265,charlie,2,70,70,2,112,60,60,121,164
face-count,1457845766812,charlie,1,72,72,1,112
face-count,1457845767282,charlie,1,71,71,3,111
face-count,1457845767799,charlie,2,75,75,2,110,59,59,118,159
face-count,1457845768321,charlie,2,73,73,1,113,63,63,127,156
face-count,1457845768810,charlie,2,73,73,2,113,63,63,129,159
face-count,1457845769412,charlie,2,73,73,2,112,70,70,126,157
face-count,1457845769796,charlie,2,72,72,3,112,61,61,130,161
face-count,1457845770306,charlie,2,72,72,2,113,61,61,128,162
face-count,1457845770777,charlie,2,74,74,3,112,63,63,126,161
face-count,1457845771271,charlie,2,71,71,3,115,62,62,128,162
face-count,1457845771822,charlie,2,71,71,1,114,67,67,126,160
face-count,1457845772301,charlie,2,71,71,1,114,67,67,126,161
face-count,1457845772779,charlie,2,73,73,2,115,64,64,128,161
face-count,1457845773273,charlie,2,76,76,2,115,63,63,129,162
face-count,1457845773771,charlie,2,75,75,3,114,62,62,129,163
face-count,1457845774266,charlie,2,74,74,2,115,63,63,128,162
face-count,1457845774772,charlie,2,78,78,3,113,62,62,129,163
face-count,1457845775276,charlie,2,76,76,4,114,62,62,129,163
face-count,1457845775771,charlie,2,76,76,3,115,63,63,129,163
face-count,1457845776271,charlie,2,75,75,4,116,65,65,128,162
face-count,1457845776777,charlie,2,79,79,1,112,65,65,128,162
face-count,1457845777276,charlie,3,99,99,203,91,78,78,4,113,64,64,128,164
face-count,1457845777779,charlie,3,106,106,204,95,72,72,3,107,64,64,128,163
face-count,1457845778268,charlie,2,80,80,5,109,64,64,128,163
face-count,1457845778768,charlie,2,78,78,6,110,64,64,127,162
face-count,1457845779273,charlie,2,75,75,5,112,64,64,128,161
face-count,1457845779783,charlie,2,73,73,2,114,64,64,129,161
face-count,1457845780273,charlie,1,58,58,133,164
face-count,1457845780779,charlie,1,60,60,130,164
face-count,1457845781292,charlie,1,56,56,134,163
face-count,1457845781775,charlie,2,76,76,1,115,62,62,129,160
face-count,1457845782281,charlie,2,72,72,1,118,62,62,129,160
face-count,1457845782778,charlie,2,72,72,3,116,61,61,129,160
face-count,1457845783276,charlie,2,72,72,1,116,62,62,127,161
face-count,1457845783846,charlie,2,78,78,120,154,73,73,1,116
face-count,1457845784329,charlie,1,66,66,127,160
face-count,1457845784865,charlie,2,76,76,118,96,66,66,125,160
face-count,1457845785332,charlie,2,92,92,108,85,62,62,132,161
face-count,1457845785863,charlie,1,69,69,135,158
face-count,1457845786313,charlie,1,55,55,153,157
face-count,1457845786807,charlie,2,72,72,1,123,58,58,152,153
face-count,1457845787283,charlie,2,72,72,1,124,59,59,144,151
face-count,1457845787776,charlie,2,76,76,1,119,59,59,138,156
face-count,1457845788298,charlie,2,72,72,1,120,61,61,137,157
face-count,1457845788800,charlie,1,60,60,137,156
face-count,1457845789279,charlie,1,62,62,137,156
face-count,1457845789779,charlie,1,60,60,138,158
face-count,1457845790279,charlie,1,61,61,137,158
face-count,1457845790783,charlie,1,60,60,137,159
face-count,1457845791279,charlie,1,60,60,136,159
face-count,1457845791777,charlie,1,60,60,136,158
face-count,1457845792283,charlie,1,60,60,135,159
face-count,1457845792784,charlie,1,61,61,135,158
face-count,1457845793281,charlie,1,61,61,135,158
face-count,1457845793779,charlie,1,61,61,135,158
face-count,1457845794281,charlie,1,62,62,134,158
face-count,1457845794782,charlie,1,63,63,134,158
face-count,1457845795279,charlie,1,61,61,135,159
face-count,1457845795782,charlie,1,62,62,134,158
face-count,1457845796283,charlie,1,63,63,132,158
face-count,1457845796784,charlie,1,63,63,132,158
face-count,1457845797283,charlie,1,62,62,131,158
face-count,1457845797780,charlie,1,62,62,132,158
face-count,1457845798281,charlie,1,62,62,131,158
face-count,1457845798807,charlie,1,62,62,131,158
face-count,1457845799285,charlie,1,63,63,131,158
face-count,1457845799796,charlie,1,64,64,131,157
face-count,1457845800297,charlie,1,64,64,131,157
face-count,1457845800822,charlie,1,58,58,134,160
face-count,1457845801405,charlie,2,92,92,136,123,64,64,132,158
face-count,1457845801845,charlie,1,65,65,130,156
face-count,1457845802376,charlie,2,111,111,162,118,67,67,130,156
face-count,1457845802888,charlie,1,70,70,129,154
face-count,1457845803365,charlie,1,79,79,124,150
face-count,1457845803861,charlie,1,63,63,133,157
face-count,1457845804312,charlie,1,60,60,135,158
face-count,1457845804839,charlie,1,60,60,135,158
face-count,1457845805290,charlie,1,62,62,134,158
face-count,1457845805795,charlie,1,61,61,134,158
face-count,1457845806291,charlie,1,60,60,134,158
face-count,1457845806794,charlie,1,61,61,134,158
face-count,1457845807286,charlie,1,60,60,135,158
face-count,1457845807792,charlie,1,61,61,133,158
face-count,1457845808285,charlie,1,61,61,133,158
face-count,1457845808787,charlie,2,63,63,2,114,61,61,138,157
face-count,1457845809291,charlie,2,63,63,2,116,61,61,139,156
face-count,1457845809786,charlie,1,60,60,137,154
face-count,1457845810289,charlie,1,60,60,135,154
face-count,1457845810802,charlie,1,62,62,133,154
face-count,1457845811288,charlie,1,61,61,133,158
face-count,1457845811792,charlie,1,65,65,133,166
face-count,1457845812287,charlie,1,64,64,132,166
face-count,1457845812787,charlie,1,62,62,129,165
face-count,1457845813293,charlie,1,63,63,129,159
face-count,1457845813795,charlie,1,64,64,128,158
face-count,1457845814298,charlie,1,66,66,125,157
face-count,1457845814837,charlie,1,65,65,126,158
face-count,1457845815294,charlie,1,65,65,124,157
face-count,1457845815787,charlie,1,66,66,125,156
face-count,1457845816305,charlie,1,64,64,128,157
face-count,1457845816806,charlie,2,69,69,125,155,52,52,97,54
face-count,1457845817381,charlie,3,76,76,145,91,75,75,123,152,67,67,2,115
face-count,1457845817856,charlie,1,64,64,126,154
face-count,1457845818373,charlie,1,74,74,2,112
face-count,1457845818894,charlie,2,70,70,3,113,67,67,118,153
face-count,1457845819364,charlie,3,69,69,1,113,63,63,86,52,59,59,128,158
face-count,1457845819895,charlie,2,76,76,127,150,69,69,97,112
face-count,1457845820384,charlie,3,77,77,124,148,65,65,195,151,57,57,225,171
face-count,1457845820846,charlie,1,73,73,123,152
face-count,1457845821314,charlie,2,69,69,1,114,62,62,128,157
face-count,1457845821791,charlie,2,76,76,4,112,64,64,129,156
face-count,1457845822295,charlie,2,77,77,4,111,61,61,130,158
face-count,1457845822799,charlie,2,72,72,4,113,62,62,130,156
face-count,1457845823294,charlie,2,70,70,3,115,63,63,130,156
face-count,1457845823796,charlie,2,71,71,3,114,64,64,129,156
face-count,1457845824295,charlie,2,72,72,2,114,64,64,129,156
face-count,1457845824796,charlie,2,71,71,3,113,65,65,128,156
face-count,1457845825319,charlie,2,69,69,2,114,65,65,127,156
face-count,1457845825815,charlie,2,74,74,1,113,64,64,127,157
face-count,1457845826312,charlie,2,70,70,2,116,63,63,128,157
face-count,1457845826818,charlie,2,69,69,2,117,63,63,128,157
face-count,1457845827315,charlie,2,71,71,1,115,64,64,127,156
face-count,1457845827816,charlie,2,71,71,1,116,65,65,127,156
face-count,1457845828317,charlie,2,71,71,1,116,64,64,127,156
face-count,1457845828819,charlie,2,72,72,1,116,65,65,127,156
face-count,1457845829314,charlie,2,70,70,1,117,65,65,127,156
face-count,1457845829820,charlie,2,72,72,2,116,65,65,127,156
face-count,1457845830323,charlie,2,70,70,1,117,65,65,127,156
face-count,1457845830817,charlie,2,68,68,2,115,65,65,127,156
face-count,1457845831358,charlie,1,80,80,120,148
face-count,1457845831852,charlie,1,61,61,129,158
face-count,1457845832325,charlie,2,70,70,2,116,63,63,127,157
face-count,1457845832814,charlie,2,70,70,2,115,67,67,125,156
face-count,1457845833377,charlie,2,72,72,1,114,67,67,128,156
face-count,1457845833878,charlie,2,72,72,0,114,61,61,130,157
face-count,1457845834406,charlie,1,101,101,117,108
face-count,1457845834888,charlie,3,79,79,1,112,78,78,128,147,51,51,141,160
face-count,1457845835422,charlie,3,92,92,96,104,69,69,82,89,61,61,138,158
face-count,1457845835921,charlie,3,84,84,100,113,76,76,1,115,65,65,135,156
face-count,1457845836420,charlie,1,68,68,134,154
face-count,1457845836868,charlie,2,77,77,130,150,50,50,144,163
face-count,1457845837319,charlie,2,71,71,2,116,64,64,136,157
face-count,1457845837817,charlie,2,70,70,3,115,63,63,137,157
face-count,1457845838345,charlie,2,69,69,1,117,68,68,134,154
face-count,1457845838820,charlie,2,70,70,1,117,64,64,137,157
face-count,1457845839360,charlie,2,69,69,1,119,67,67,135,155
face-count,1457845839928,charlie,2,71,71,1,118,65,65,135,157
face-count,1457845840316,charlie,2,70,70,0,116,62,62,133,160
face-count,1457845840819,charlie,2,70,70,1,118,62,62,129,158
face-count,1457845841328,charlie,2,71,71,1,117,59,59,123,158
face-count,1457845841824,charlie,2,74,74,1,115,58,58,123,155
face-count,1457845842322,charlie,2,71,71,2,115,58,58,135,154
face-count,1457845842846,charlie,2,73,73,1,115,58,58,138,153
face-count,1457845843316,charlie,2,73,73,2,115,61,61,153,138
face-count,1457845843822,charlie,2,73,73,1,116,62,62,136,140
face-count,1457845844328,charlie,2,72,72,2,116,61,61,128,135
face-count,1457845844823,charlie,2,72,72,2,116,61,61,133,97
face-count,1457845845320,charlie,2,75,75,0,116,59,59,133,88
face-count,1457845845824,charlie,2,71,71,1,117,61,61,131,99
face-count,1457845846320,charlie,2,64,64,1,119,61,61,131,137
face-count,1457845846833,charlie,1,54,54,115,162
face-count,1457845847324,charlie,2,69,69,1,118,51,51,106,166
face-count,1457845847824,charlie,1,66,66,1,119
face-count,1457845848328,charlie,1,74,74,5,114
face-count,1457845849863,charlie,2,47,47,80,67,43,43,59,65
face-count,1457845850844,charlie,1,43,43,77,82
face-count,1457845851400,charlie,2,92,92,104,98,76,76,68,56
face-count,1457845851936,charlie,2,74,74,104,151,57,57,107,104
face-count,1457845852416,charlie,1,69,69,166,156
face-count,1457845852908,charlie,2,69,69,105,88,63,63,154,160
face-count,1457845853324,charlie,1,58,58,141,160
face-count,1457845853840,charlie,1,56,56,142,158
face-count,1457845854328,charlie,1,59,59,144,164
face-count,1457845854829,charlie,1,58,58,158,167
face-count,1457845855324,charlie,1,59,59,160,167
face-count,1457845855825,charlie,1,58,58,157,168
face-count,1457845856324,charlie,1,58,58,157,168
face-count,1457845856828,charlie,2,80,80,3,105,58,58,155,167
face-count,1457845857336,charlie,2,73,73,3,107,59,59,155,166
face-count,1457845857832,charlie,1,57,57,160,166
face-count,1457845858330,charlie,1,52,52,151,169
face-count,1457845861341,charlie,1,48,48,178,190
face-count,1457845863330,charlie,1,54,54,168,181
face-count,1457845863836,charlie,1,56,56,160,175
face-count,1457845864331,charlie,1,55,55,157,176
face-count,1457845864881,charlie,1,52,52,157,176
face-count,1457845865338,charlie,1,57,57,157,171
face-count,1457845865853,charlie,2,58,58,156,167,39,39,69,48
face-count,1457845866383,charlie,2,63,63,154,162,57,57,114,76
face-count,1457845866902,charlie,4,122,122,165,108,69,69,151,110,58,58,155,161,43,43,93,49
face-count,1457845867347,charlie,1,63,63,151,158
face-count,1457845867878,charlie,2,70,70,149,155,52,52,119,79
face-count,1457845868388,charlie,1,64,64,153,158
face-count,1457845868888,charlie,1,69,69,151,156
face-count,1457845869377,charlie,2,69,69,27,165,68,68,153,156
face-count,1457845869867,charlie,1,63,63,155,158
face-count,1457845870339,charlie,1,64,64,155,157
face-count,1457845870841,charlie,1,66,66,156,155
face-count,1457845871340,charlie,1,64,64,156,155
face-count,1457845871846,charlie,1,64,64,155,155
face-count,1457845872339,charlie,1,65,65,154,153
face-count,1457845872838,charlie,1,65,65,155,153
face-count,1457845873338,charlie,1,65,65,155,154
face-count,1457845873848,charlie,1,64,64,155,154
face-count,1457845874341,charlie,2,80,80,3,106,65,65,154,153
face-count,1457845874844,charlie,2,74,74,2,108,63,63,155,154
face-count,1457845875340,charlie,1,63,63,155,156
face-count,1457845875843,charlie,1,60,60,154,159
face-count,1457845876384,charlie,3,92,92,94,82,76,76,19,121,64,64,152,161
face-count,1457845876864,charlie,2,85,85,12,114,63,63,180,154
face-count,1457845877407,charlie,2,80,80,11,114,73,73,161,158
face-count,1457845877863,charlie,2,78,78,10,112,63,63,167,165
face-count,1457845878359,charlie,2,76,76,10,112,69,69,176,149
face-count,1457845878849,charlie,2,77,77,8,107,65,65,159,158
face-count,1457845879351,charlie,2,74,74,6,109,64,64,162,162
face-count,1457845879852,charlie,2,76,76,5,109,62,62,168,161
face-count,1457845880341,charlie,2,75,75,5,109,65,65,168,153
face-count,1457845880846,charlie,2,76,76,5,108,63,63,168,155
face-count,1457845881347,charlie,2,78,78,4,107,60,60,172,156
face-count,1457845881860,charlie,2,75,75,4,110,65,65,178,156
face-count,1457845882388,charlie,2,75,75,4,111,68,68,194,158
face-count,1457845882902,charlie,3,74,74,3,111,71,71,189,162,63,63,152,73
face-count,1457845883390,charlie,3,74,74,3,110,67,67,180,162,38,38,111,148
face-count,1457845883931,charlie,2,69,69,4,113,66,66,180,162
face-count,1457845884429,charlie,2,78,78,171,155,73,73,2,111
face-count,1457845884886,charlie,2,74,74,1,111,64,64,176,168
face-count,1457845885411,charlie,2,74,74,1,111,67,67,171,161
face-count,1457845885904,charlie,2,71,71,3,112,68,68,167,159
face-count,1457845886370,charlie,3,78,78,160,156,73,73,4,110,67,67,96,128
face-count,1457845886869,charlie,2,74,74,3,111,65,65,168,164
face-count,1457845887351,charlie,2,72,72,3,112,65,65,168,162
face-count,1457845887847,charlie,2,73,73,3,111,63,63,170,164
face-count,1457845888361,charlie,2,74,74,2,111,64,64,170,163
face-count,1457845888852,charlie,2,74,74,2,111,65,65,170,160
face-count,1457845889355,charlie,2,73,73,2,112,63,63,172,159
face-count,1457845889852,charlie,2,74,74,2,112,65,65,170,158
face-count,1457845890350,charlie,2,73,73,1,112,63,63,171,159
face-count,1457845890852,charlie,2,74,74,1,112,64,64,170,158
face-count,1457845891349,charlie,2,72,72,2,112,64,64,170,158
face-count,1457845891849,charlie,2,72,72,2,112,64,64,170,159
face-count,1457845892353,charlie,2,72,72,2,112,64,64,170,158
face-count,1457845892850,charlie,2,73,73,2,112,65,65,169,157
face-count,1457845893354,charlie,2,73,73,2,112,64,64,170,159
face-count,1457845893852,charlie,2,73,73,1,111,64,64,170,158
face-count,1457845894356,charlie,2,73,73,1,111,66,66,169,157
face-count,1457845894852,charlie,2,72,72,2,112,65,65,169,157
face-count,1457845895350,charlie,2,69,69,1,114,66,66,169,157
face-count,1457845895859,charlie,2,68,68,1,113,65,65,168,157
face-count,1457845896359,charlie,2,69,69,0,111,67,67,168,156
face-count,1457845896859,charlie,1,65,65,167,157
face-count,1457845897355,charlie,1,64,64,167,157
face-count,1457845897868,charlie,1,67,67,165,156
face-count,1457845898362,charlie,1,66,66,165,157
face-count,1457845898872,charlie,2,68,68,163,156,47,47,83,58
face-count,1457845899390,charlie,2,69,69,163,156,65,65,0,114
face-count,1457845899907,charlie,4,69,69,169,131,68,68,162,155,65,65,1,113,63,63,190,146
face-count,1457845900429,charlie,3,69,69,135,100,67,67,163,156,57,57,123,94
face-count,1457845900936,charlie,2,70,70,163,155,57,57,101,53
face-count,1457845901461,charlie,2,92,92,148,116,70,70,162,154
face-count,1457845901959,charlie,1,66,66,164,157
face-count,1457845902407,charlie,1,79,79,159,150
face-count,1457845902868,charlie,1,65,65,165,157
face-count,1457845903357,charlie,1,65,65,165,157
face-count,1457845903861,charlie,1,66,66,165,157
face-count,1457845904361,charlie,1,67,67,164,156
face-count,1457845904860,charlie,1,65,65,165,157
face-count,1457845905356,charlie,1,65,65,165,157
face-count,1457845905857,charlie,1,66,66,165,156
face-count,1457845906352,charlie,1,66,66,165,156
face-count,1457845906855,charlie,1,67,67,167,156
face-count,1457845907357,charlie,1,63,63,170,158
face-count,1457845907864,charlie,1,64,64,169,158
face-count,1457845908356,charlie,2,69,69,1,117,63,63,168,160
face-count,1457845908857,charlie,2,65,65,1,118,64,64,167,160
face-count,1457845909357,charlie,2,68,68,0,116,64,64,168,159
face-count,1457845909860,charlie,2,67,67,0,119,66,66,166,157
face-count,1457845910353,charlie,2,67,67,166,155,67,67,0,117
face-count,1457845910856,charlie,2,69,69,166,151,61,61,0,118
face-count,1457845911362,charlie,2,68,68,166,151,61,61,1,116
face-count,1457845911862,charlie,1,68,68,165,151
face-count,1457845912360,charlie,1,69,69,165,150
face-count,1457845912860,charlie,1,69,69,165,150
face-count,1457845913363,charlie,1,69,69,164,151
face-count,1457845913862,charlie,1,66,66,167,154
face-count,1457845914368,charlie,1,63,63,168,160
face-count,1457845914884,charlie,1,69,69,161,162
face-count,1457845915423,charlie,1,63,63,162,166
face-count,1457845915917,charlie,1,64,64,162,164
face-count,1457845916428,charlie,3,69,69,164,162,63,63,96,72,52,52,73,53
face-count,1457845916944,charlie,1,72,72,167,157
face-count,1457845917460,charlie,2,84,84,97,73,67,67,164,154
face-count,1457845917975,charlie,3,76,76,141,110,65,65,163,152,63,63,90,67
face-count,1457845918415,charlie,2,84,84,158,112,65,65,164,153
face-count,1457845918899,charlie,1,63,63,166,154
face-count,1457845919362,charlie,1,66,66,165,154
face-count,1457845919865,charlie,1,66,66,164,153
face-count,1457845920375,charlie,2,67,67,0,113,63,63,164,154
face-count,1457845920895,charlie,2,72,72,3,110,66,66,164,153
face-count,1457845921368,charlie,2,74,74,5,109,63,63,166,155
face-count,1457845921864,charlie,2,76,76,4,110,62,62,167,156
face-count,1457845922366,charlie,2,78,78,7,110,63,63,167,156
face-count,1457845922871,charlie,2,77,77,3,109,64,64,166,154
face-count,1457845923368,charlie,2,76,76,4,110,63,63,165,156
face-count,1457845923862,charlie,2,75,75,4,110,64,64,165,155
face-count,1457845924366,charlie,2,74,74,4,111,64,64,165,155
face-count,1457845924872,charlie,2,74,74,5,111,63,63,163,155
face-count,1457845925369,charlie,2,74,74,3,110,63,63,162,156
face-count,1457845925864,charlie,2,71,71,3,112,64,64,162,156
face-count,1457845926368,charlie,2,71,71,2,112,65,65,162,153
face-count,1457845926863,charlie,2,73,73,1,110,61,61,158,155
face-count,1457845927365,charlie,1,70,70,3,111
face-count,1457845927867,charlie,2,69,69,2,113,68,68,156,153
face-count,1457845928369,charlie,2,70,70,2,112,69,69,162,154
face-count,1457845928864,charlie,2,70,70,161,158,69,69,2,113
face-count,1457845929367,charlie,2,69,69,2,113,67,67,158,163
face-count,1457845929876,charlie,2,71,71,3,112,67,67,158,163
face-count,1457845930371,charlie,2,70,70,2,112,69,69,160,160
face-count,1457845930886,charlie,2,71,71,2,112,68,68,163,160
face-count,1457845931400,charlie,2,72,72,3,112,69,69,160,159
face-count,1457845931908,charlie,3,74,74,158,158,71,71,2,111,52,52,96,50
face-count,1457845932427,charlie,2,70,70,162,160,68,68,3,113
face-count,1457845933472,charlie,2,84,84,195,111,72,72,158,163
face-count,1457845933987,charlie,1,70,70,159,162
face-count,1457845934456,charlie,2,72,72,161,159,69,69,37,77
face-count,1457845934964,charlie,2,68,68,166,162,63,63,89,109
face-count,1457845935416,charlie,2,84,84,161,150,57,57,70,119
face-count,1457845935887,charlie,1,67,67,168,161
face-count,1457845936373,charlie,1,70,70,165,160
face-count,1457845936877,charlie,2,68,68,168,161,67,67,0,115
face-count,1457845937369,charlie,2,75,75,9,114,67,67,168,161
face-count,1457845937870,charlie,2,72,72,17,117,68,68,167,162
face-count,1457845938374,charlie,2,76,76,12,115,68,68,168,161
face-count,1457845938874,charlie,2,74,74,10,116,68,68,168,161
face-count,1457845939378,charlie,2,75,75,9,113,68,68,169,162
face-count,1457845939873,charlie,2,76,76,9,112,67,67,169,161
face-count,1457845940379,charlie,2,78,78,8,112,69,69,171,159
face-count,1457845940874,charlie,2,77,77,8,111,67,67,174,160
face-count,1457845941379,charlie,2,72,72,8,109,69,69,173,160
face-count,1457845941877,charlie,2,73,73,7,110,70,70,172,159
face-count,1457845942378,charlie,2,71,71,7,111,68,68,174,161
face-count,1457845942887,charlie,2,74,74,5,109,68,68,173,160
face-count,1457845943382,charlie,2,76,76,6,109,70,70,164,160
face-count,1457845943883,charlie,2,72,72,6,112,69,69,169,161
face-count,1457845944372,charlie,2,72,72,167,161,70,70,6,113
face-count,1457845944876,charlie,2,73,73,5,107,72,72,159,157
face-count,1457845945385,charlie,2,71,71,5,108,70,70,138,150
face-count,1457845945899,charlie,2,72,72,4,108,71,71,124,154
face-count,1457845946378,charlie,2,75,75,126,149,70,70,4,109
face-count,1457845946885,charlie,2,69,69,3,109,68,68,140,150
face-count,1457845947384,charlie,2,68,68,1,109,62,62,154,161
face-count,1457845947910,charlie,2,76,76,9,108,69,69,155,163
face-count,1457845948426,charlie,2,84,84,182,120,69,69,154,164
face-count,1457845948937,charlie,1,64,64,160,165
face-count,1457845949436,charlie,1,64,64,160,159
face-count,1457845949955,charlie,1,76,76,143,153
face-count,1457845950466,charlie,1,68,68,143,160
face-count,1457845950951,charlie,1,68,68,142,161
face-count,1457845951445,charlie,3,75,75,5,107,64,64,145,162,56,56,154,90
face-count,1457845951915,charlie,2,75,75,9,111,61,61,151,163
face-count,1457845952423,charlie,2,75,75,6,110,63,63,149,163
face-count,1457845952887,charlie,2,76,76,6,110,64,64,154,162
face-count,1457845953393,charlie,2,76,76,7,110,65,65,151,161
face-count,1457845953894,charlie,2,76,76,6,110,64,64,148,162
face-count,1457845954385,charlie,2,76,76,7,111,66,66,146,161
face-count,1457845954885,charlie,2,76,76,6,111,66,66,147,161
face-count,1457845955385,charlie,2,75,75,6,111,66,66,148,161
face-count,1457845955930,charlie,3,84,84,211,140,75,75,6,112,66,66,147,162
face-count,1457845956389,charlie,2,76,76,5,111,65,65,152,163
face-count,1457845956941,charlie,2,77,77,5,111,65,65,151,164
face-count,1457845957387,charlie,2,75,75,5,112,64,64,151,163
face-count,1457845957888,charlie,2,74,74,6,112,67,67,149,161
face-count,1457845958387,charlie,2,74,74,6,113,64,64,150,163
face-count,1457845958894,charlie,2,73,73,6,113,64,64,151,163
face-count,1457845959383,charlie,2,74,74,5,112,66,66,150,163
face-count,1457845959884,charlie,2,72,72,6,113,65,65,151,163
face-count,1457845960384,charlie,2,72,72,5,113,65,65,151,164
face-count,1457845960885,charlie,2,73,73,6,111,66,66,152,163
face-count,1457845961385,charlie,2,72,72,5,112,65,65,156,163
face-count,1457845961895,charlie,2,71,71,6,113,67,67,160,161
face-count,1457845962394,charlie,2,75,75,7,112,64,64,162,164
face-count,1457845962887,charlie,2,77,77,6,110,65,65,155,163
face-count,1457845963400,charlie,2,76,76,6,111,65,65,151,162
face-count,1457845963906,charlie,2,75,75,6,111,64,64,156,164
face-count,1457845964388,charlie,2,76,76,6,110,64,64,150,161
face-count,1457845964953,charlie,2,76,76,5,110,64,64,147,155
face-count,1457845965391,charlie,2,74,74,6,112,66,66,148,146
face-count,1457845965923,charlie,2,72,72,6,113,67,67,147,145
face-count,1457845966433,charlie,4,75,75,5,113,69,69,150,144,43,43,105,55,41,41,48,24
face-count,1457845966928,charlie,2,73,73,5,113,71,71,150,143
face-count,1457845967441,charlie,3,69,69,151,144,57,57,67,32,57,57,140,73
face-count,1457845967955,charlie,3,74,74,147,140,69,69,82,38,69,69,166,88
face-count,1457845968499,charlie,1,88,88,139,130
face-count,1457845968977,charlie,2,76,76,144,136,68,68,1,113
face-count,1457845969443,charlie,2,82,82,141,132,69,69,1,114
face-count,1457845969944,charlie,2,77,77,143,137,71,71,3,114
face-count,1457845970429,charlie,2,78,78,143,136,71,71,4,115
face-count,1457845970923,charlie,2,77,77,145,137,72,72,5,114
face-count,1457845971421,charlie,2,74,74,146,140,71,71,5,115
face-count,1457845971921,charlie,2,75,75,145,137,72,72,4,114
face-count,1457845972424,charlie,2,73,73,4,113,69,69,150,144
face-count,1457845972923,charlie,2,71,71,4,114,64,64,153,151
face-count,1457845973424,charlie,2,72,72,4,111,64,64,149,155
face-count,1457845973930,charlie,2,74,74,5,107,61,61,147,156
face-count,1457845974432,charlie,2,72,72,7,107,60,60,141,158
face-count,1457845974927,charlie,2,70,70,5,108,63,63,133,158
face-count,1457845975429,charlie,2,74,74,5,109,61,61,137,158
face-count,1457845975928,charlie,2,73,73,4,108,65,65,135,152
face-count,1457845976427,charlie,2,68,68,2,111,67,67,132,152
face-count,1457845976971,charlie,2,72,72,132,148,61,61,136,98
face-count,1457845977423,charlie,1,66,66,133,149
face-count,1457845977926,charlie,1,65,65,132,151
face-count,1457845978424,charlie,1,69,69,131,149
face-count,1457845978925,charlie,1,67,67,133,150
face-count,1457845979427,charlie,2,67,67,132,150,65,65,0,110
face-count,1457845979928,charlie,2,77,77,7,108,67,67,130,150
face-count,1457845980425,charlie,2,77,77,2,109,65,65,135,149
face-count,1457845980988,charlie,3,76,76,132,93,71,71,2,112,67,67,136,150
face-count,1457845981468,charlie,2,71,71,0,111,65,65,136,150
face-count,1457845981944,charlie,2,69,69,1,112,66,66,135,150
face-count,1457845982463,charlie,2,79,79,124,142,71,71,0,114
face-count,1457845982946,charlie,1,68,68,127,147
face-count,1457845983450,charlie,1,65,65,126,148
face-count,1457845983929,charlie,1,67,67,126,148
face-count,1457845984429,charlie,1,68,68,127,148
face-count,1457845984932,charlie,1,67,67,128,149
face-count,1457845985438,charlie,1,68,68,127,148
face-count,1457845985939,charlie,1,66,66,129,150
face-count,1457845986428,charlie,1,68,68,127,149
face-count,1457845986930,charlie,1,67,67,128,149
face-count,1457845987431,charlie,2,77,77,6,108,67,67,129,150
face-count,1457845987935,charlie,2,71,71,3,111,67,67,129,149
face-count,1457845988429,charlie,2,71,71,2,111,68,68,133,149
face-count,1457845988934,charlie,2,71,71,1,113,68,68,133,149
face-count,1457845989430,charlie,2,74,74,0,111,67,67,133,150
face-count,1457845989940,charlie,2,68,68,0,113,67,67,133,150
face-count,1457845990434,charlie,2,68,68,0,112,67,67,134,150
face-count,1457845990939,charlie,2,66,66,135,151,65,65,0,114
face-count,1457845991438,charlie,2,76,76,227,68,67,67,134,150
face-count,1457845991936,charlie,2,74,74,228,69,67,67,133,148
face-count,1457845992433,charlie,1,65,65,136,149
face-count,1457845992937,charlie,2,74,74,232,69,65,65,136,150
face-count,1457845993433,charlie,1,64,64,136,150
face-count,1457845993937,charlie,3,78,78,7,99,71,71,240,68,63,63,137,150
face-count,1457845994565,charlie,2,75,75,13,103,66,66,134,150
face-count,1457845994954,charlie,1,66,66,122,146
face-count,1457845995440,charlie,1,64,64,124,145
face-count,1457845995949,charlie,1,64,64,124,145
face-count,1457845996470,charlie,3,65,65,124,146,63,63,110,75,61,61,10,106
face-count,1457845996971,charlie,2,65,65,129,147,63,63,112,72
face-count,1457845997440,charlie,1,64,64,130,145
face-count,1457845997989,charlie,2,69,69,153,103,58,58,134,145
face-count,1457845998491,charlie,1,62,62,135,142
face-count,1457845999001,charlie,2,65,65,131,142,63,63,158,103
face-count,1457845999478,charlie,1,57,57,137,145
face-count,1457845999938,charlie,1,64,64,124,143
face-count,1457846000437,charlie,2,60,60,5,112,57,57,126,146
face-count,1457846000938,charlie,1,56,56,130,145
face-count,1457846001434,charlie,1,62,62,130,144
face-count,1457846001942,charlie,1,62,62,138,143
face-count,1457846002441,charlie,1,63,63,143,143
face-count,1457846002946,charlie,1,63,63,138,144
face-count,1457846003448,charlie,1,61,61,133,146
face-count,1457846003941,charlie,2,67,67,239,62,65,65,126,144
face-count,1457846004446,charlie,2,63,63,243,63,61,61,129,148
face-count,1457846004946,charlie,2,64,64,139,146,64,64,240,64
face-count,1457846005447,charlie,1,66,66,142,143
face-count,1457846005994,charlie,2,89,89,200,139,69,69,139,142
face-count,1457846006443,charlie,1,68,68,139,142
face-count,1457846006949,charlie,1,66,66,137,145
face-count,1457846007447,charlie,1,66,66,137,146
face-count,1457846007946,charlie,1,63,63,139,148
face-count,1457846008441,charlie,1,62,62,138,149
face-count,1457846008949,charlie,1,64,64,134,147
face-count,1457846009448,charlie,1,65,65,133,147
face-count,1457846009971,charlie,1,64,64,133,148
face-count,1457846010488,charlie,1,68,68,132,147
face-count,1457846010943,charlie,1,64,64,134,149
face-count,1457846011449,charlie,1,63,63,135,150
face-count,1457846011947,charlie,1,64,64,136,149
face-count,1457846012460,charlie,1,64,64,136,149
face-count,1457846012972,charlie,1,64,64,138,150
face-count,1457846013497,charlie,2,68,68,134,96,64,64,144,152
face-count,1457846014011,charlie,1,70,70,155,153
face-count,1457846014519,charlie,2,92,92,160,111,71,71,167,155
face-count,1457846015035,charlie,3,92,92,123,85,71,71,166,156,47,47,52,46
face-count,1457846015527,charlie,1,65,65,164,156
face-count,1457846016041,charlie,2,69,69,98,90,65,65,159,155
face-count,1457846016541,charlie,1,63,63,156,155
face-count,1457846017046,charlie,2,79,79,143,148,69,69,88,77
face-count,1457846017483,charlie,1,68,68,147,152
face-count,1457846017981,charlie,1,64,64,147,155
face-count,1457846018475,charlie,1,68,68,144,152
face-count,1457846018954,charlie,1,66,66,142,154
face-count,1457846019452,charlie,1,68,68,138,152
face-count,1457846019950,charlie,1,67,67,139,153
face-count,1457846020447,charlie,1,66,66,139,154
face-count,1457846020951,charlie,1,67,67,137,153
face-count,1457846021446,charlie,1,69,69,134,152
face-count,1457846021957,charlie,1,72,72,126,147
face-count,1457846022455,charlie,1,64,64,128,150
face-count,1457846022951,charlie,1,69,69,131,150
face-count,1457846023458,charlie,1,70,70,130,150
face-count,1457846023958,charlie,1,69,69,130,152
face-count,1457846024453,charlie,1,69,69,128,151
face-count,1457846024950,charlie,1,71,71,127,150
face-count,1457846025457,charlie,2,72,72,127,149,67,67,2,119
face-count,1457846025960,charlie,2,71,71,127,150,71,71,2,118
face-count,1457846026458,charlie,2,73,73,3,117,71,71,127,151
face-count,1457846026958,charlie,2,76,76,4,112,69,69,128,152
face-count,1457846027460,charlie,2,76,76,10,110,71,71,127,150
face-count,1457846027967,charlie,2,76,76,5,105,69,69,127,151
face-count,1457846028463,charlie,2,74,74,5,108,69,69,127,151
face-count,1457846028961,charlie,2,73,73,6,110,69,69,126,150
face-count,1457846029475,charlie,2,76,76,6,109,69,69,127,150
face-count,1457846029996,charlie,2,78,78,5,109,77,77,124,149
face-count,1457846030496,charlie,3,84,84,120,84,74,74,6,112,71,71,125,150
face-count,1457846031016,charlie,2,77,77,5,110,70,70,127,150
face-count,1457846031505,charlie,2,75,75,5,111,75,75,124,150
face-count,1457846032029,charlie,2,75,75,5,110,65,65,129,154
face-count,1457846032542,charlie,2,73,73,6,111,70,70,127,151
face-count,1457846033046,charlie,3,77,77,4,109,75,75,124,149,61,61,93,103
face-count,1457846033517,charlie,2,74,74,5,111,74,74,125,150
face-count,1457846033992,charlie,2,73,73,5,112,68,68,127,152
face-count,1457846034470,charlie,2,72,72,6,112,68,68,127,151
face-count,1457846034961,charlie,2,73,73,6,112,70,70,129,150
face-count,1457846035463,charlie,2,72,72,6,113,70,70,129,150
face-count,1457846035960,charlie,2,73,73,5,112,70,70,131,148
face-count,1457846036463,charlie,2,73,73,5,112,70,70,128,149
face-count,1457846036974,charlie,2,74,74,4,113,69,69,129,150
face-count,1457846037468,charlie,2,73,73,5,113,70,70,128,151
face-count,1457846037968,charlie,2,73,73,5,113,68,68,128,153
face-count,1457846038464,charlie,2,72,72,5,113,68,68,128,153
face-count,1457846038956,charlie,2,74,74,4,113,70,70,127,151
face-count,1457846039468,charlie,2,73,73,5,114,69,69,128,152
face-count,1457846039958,charlie,2,73,73,5,113,68,68,127,153
face-count,1457846040472,charlie,2,73,73,4,113,70,70,126,152
face-count,1457846040967,charlie,2,73,73,5,113,69,69,126,153
face-count,1457846041461,charlie,2,73,73,4,113,70,70,126,152
face-count,1457846041964,charlie,2,73,73,4,113,68,68,128,153
face-count,1457846042468,charlie,2,72,72,126,152,71,71,4,113
face-count,1457846042964,charlie,2,72,72,126,152,67,67,3,116
face-count,1457846043475,charlie,2,72,72,126,153,70,70,3,115
face-count,1457846044010,charlie,2,73,73,2,113,72,72,127,150
face-count,1457846044493,charlie,2,74,74,2,115,72,72,129,149
face-count,1457846044983,charlie,3,71,71,3,115,66,66,134,150,37,37,76,54
face-count,1457846045481,charlie,2,71,71,134,149,71,71,3,115
face-count,1457846046005,charlie,2,69,69,3,114,68,68,132,150
face-count,1457846046530,charlie,2,72,72,1,112,71,71,136,149
face-count,1457846047020,charlie,4,101,101,153,107,84,84,183,130,69,69,134,151,69,69,3,112
face-count,1457846047469,charlie,2,71,71,3,111,69,69,131,151
face-count,1457846048013,charlie,2,71,71,3,109,70,70,132,150
face-count,1457846048519,charlie,2,70,70,131,150,68,68,7,110
face-count,1457846049010,charlie,2,74,74,6,106,72,72,132,150
face-count,1457846049536,charlie,2,69,69,133,152,65,65,1,111
face-count,1457846050010,charlie,2,71,71,131,151,62,62,1,114
face-count,1457846050509,charlie,1,74,74,129,150
face-count,1457846050981,charlie,1,67,67,130,154
face-count,1457846051469,charlie,1,71,71,129,152
face-count,1457846051970,charlie,1,69,69,129,153
face-count,1457846052465,charlie,1,70,70,129,152
face-count,1457846052968,charlie,1,70,70,128,152
face-count,1457846053464,charlie,1,71,71,128,152
face-count,1457846053970,charlie,1,70,70,129,153
face-count,1457846054494,charlie,1,74,74,127,151
face-count,1457846054962,charlie,1,70,70,129,152
face-count,1457846055478,charlie,1,71,71,128,152
face-count,1457846055969,charlie,2,70,70,128,150,66,66,2,109
face-count,1457846056466,charlie,2,74,74,3,102,70,70,131,152
face-count,1457846056971,charlie,2,75,75,5,102,70,70,129,151
face-count,1457846057470,charlie,2,77,77,7,104,70,70,132,150
face-count,1457846057967,charlie,2,76,76,7,105,71,71,133,149
face-count,1457846058472,charlie,2,76,76,4,103,70,70,134,150
face-count,1457846058972,charlie,2,70,70,133,148,69,69,2,107
face-count,1457846059473,charlie,2,70,70,130,149,67,67,2,109
face-count,1457846059971,charlie,2,71,71,132,148,65,65,4,109
face-count,1457846060475,charlie,2,76,76,5,110,72,72,131,148
face-count,1457846061020,charlie,2,72,72,7,112,66,66,134,151
face-count,1457846061482,charlie,2,72,72,129,147,70,70,9,109
face-count,1457846061983,charlie,2,76,76,7,107,70,70,131,146
face-count,1457846062474,charlie,2,74,74,5,111,69,69,132,147
face-count,1457846062973,charlie,2,74,74,4,111,69,69,132,148
face-count,1457846063481,charlie,2,72,72,4,112,70,70,130,149
face-count,1457846063977,charlie,2,71,71,5,112,69,69,130,150
face-count,1457846064495,charlie,2,71,71,5,111,71,71,128,150
face-count,1457846065013,charlie,3,71,71,5,111,69,69,128,150,43,43,93,71
face-count,1457846065806,charlie,2,92,92,163,107,84,84,117,73
face-count,1457846066257,charlie,2,75,75,4,112,71,71,128,150
face-count,1457846066571,charlie,4,92,92,125,90,74,74,5,112,71,71,128,150,67,67,121,89
face-count,1457846067018,charlie,2,72,72,5,111,70,70,129,151
face-count,1457846067510,charlie,3,92,92,121,139,79,79,8,101,61,61,135,155
face-count,1457846068011,charlie,2,73,73,12,106,70,70,131,151
face-count,1457846068476,charlie,2,75,75,11,106,72,72,130,152
face-count,1457846068977,charlie,2,76,76,10,106,71,71,130,152
face-count,1457846069475,charlie,2,75,75,11,106,71,71,131,152
face-count,1457846069975,charlie,2,78,78,9,105,71,71,131,152
face-count,1457846070480,charlie,2,76,76,9,105,70,70,133,151
face-count,1457846070979,charlie,2,75,75,9,106,72,72,139,150
face-count,1457846071494,charlie,2,74,74,9,105,72,72,145,150
face-count,1457846071982,charlie,2,75,75,9,106,73,73,149,151
face-count,1457846072479,charlie,2,77,77,9,106,74,74,149,149
face-count,1457846072979,charlie,2,76,76,11,107,74,74,149,149
face-count,1457846073487,charlie,2,77,77,10,106,74,74,149,149
face-count,1457846073982,charlie,2,76,76,10,105,73,73,150,150
face-count,1457846074488,charlie,2,77,77,9,105,75,75,149,150
face-count,1457846074983,charlie,2,75,75,11,104,74,74,150,150
face-count,1457846075484,charlie,2,78,78,9,110,75,75,150,150
face-count,1457846076114,charlie,2,78,78,10,106,74,74,151,150
face-count,1457846076496,charlie,2,76,76,12,106,75,75,151,150
face-count,1457846076998,charlie,2,76,76,12,106,74,74,150,150
face-count,1457846077488,charlie,2,76,76,12,106,73,73,151,150
face-count,1457846077980,charlie,2,78,78,10,105,74,74,150,150
face-count,1457846078487,charlie,2,75,75,150,150,74,74,8,106
face-count,1457846078988,charlie,2,76,76,150,150,66,66,1,111
face-count,1457846079485,charlie,2,76,76,149,150,66,66,1,111
face-count,1457846079986,charlie,2,76,76,150,150,69,69,1,112
face-count,1457846080490,charlie,2,77,77,149,149,68,68,1,112
face-count,1457846081016,charlie,3,78,78,148,149,69,69,1,111,52,52,49,45
face-count,1457846081532,charlie,3,76,76,149,150,67,67,1,112,52,52,78,85
face-count,1457846082054,charlie,3,78,78,150,149,71,71,1,109,63,63,94,109
face-count,1457846082563,charlie,2,77,77,150,149,65,65,2,112
face-count,1457846083176,charlie,3,84,84,134,89,75,75,151,151,72,72,5,104
face-count,1457846083531,charlie,2,74,74,7,106,72,72,153,151
face-count,1457846083994,charlie,2,78,78,6,104,75,75,151,151
face-count,1457846084494,charlie,2,77,77,6,105,74,74,152,151
face-count,1457846084998,charlie,2,77,77,6,105,75,75,152,150
face-count,1457846085497,charlie,2,75,75,9,104,75,75,153,152
face-count,1457846085995,charlie,2,76,76,8,102,74,74,152,152
face-count,1457846086496,charlie,2,80,80,3,105,74,74,153,151
face-count,1457846086996,charlie,2,75,75,153,152,68,68,2,110
face-count,1457846087496,charlie,2,75,75,153,152,66,66,0,111
face-count,1457846087992,charlie,2,75,75,153,152,64,64,2,113
face-count,1457846088511,charlie,2,74,74,153,152,64,64,1,114
face-count,1457846088998,charlie,2,75,75,152,152,66,66,2,114
face-count,1457846089494,charlie,2,74,74,152,152,66,66,1,114
face-count,1457846089994,charlie,2,74,74,153,153,66,66,1,114
face-count,1457846090499,charlie,2,76,76,151,152,67,67,0,113
face-count,1457846090997,charlie,2,74,74,152,153,65,65,1,112
face-count,1457846091499,charlie,2,74,74,153,153,72,72,1,104
face-count,1457846092004,charlie,2,75,75,152,151,70,70,2,105
face-count,1457846092501,charlie,2,76,76,155,149,72,72,2,105
face-count,1457846093003,charlie,2,76,76,159,150,74,74,2,105
face-count,1457846093521,charlie,2,75,75,159,150,71,71,2,106
face-count,1457846094057,charlie,3,79,79,158,148,74,74,3,107,63,63,175,122
face-count,1457846094525,charlie,2,75,75,160,149,71,71,3,108
face-count,1457846095059,charlie,3,76,76,160,149,72,72,3,107,57,57,141,99
face-count,1457846095555,charlie,3,84,84,129,90,77,77,160,149,70,70,3,108
face-count,1457846096000,charlie,2,76,76,160,149,75,75,2,108
face-count,1457846096505,charlie,2,77,77,162,149,74,74,3,108
face-count,1457846097028,charlie,3,76,76,163,149,73,73,3,108,35,35,43,31
face-count,1457846097527,charlie,3,81,81,160,146,79,79,2,105,43,43,66,54
face-count,1457846098066,charlie,2,77,77,160,149,72,72,3,108
face-count,1457846098562,charlie,3,84,84,73,65,74,74,162,150,71,71,3,109
face-count,1457846099053,charlie,2,77,77,159,149,70,70,2,108
face-count,1457846099537,charlie,2,76,76,160,150,76,76,1,107
face-count,1457846100025,charlie,1,81,81,158,147
face-count,1457846100519,charlie,2,73,73,155,151,70,70,1,108
face-count,1457846100998,charlie,2,80,80,4,103,78,78,153,147
face-count,1457846101512,charlie,2,81,81,3,103,77,77,157,149
face-count,1457846101999,charlie,2,85,85,6,102,78,78,156,147
face-count,1457846102503,charlie,2,81,81,4,92,77,77,157,148
face-count,1457846102999,charlie,2,84,84,4,92,76,76,159,149
face-count,1457846103501,charlie,2,82,82,1,94,77,77,158,149
face-count,1457846104001,charlie,2,78,78,151,147,78,78,1,97
face-count,1457846104503,charlie,2,83,83,0,95,78,78,152,148
face-count,1457846104998,charlie,2,81,81,0,97,76,76,155,149
face-count,1457846105506,charlie,2,86,86,5,93,75,75,156,150
face-count,1457846106003,charlie,2,87,87,7,92,76,76,156,150
face-count,1457846106509,charlie,2,84,84,6,94,75,75,158,151
face-count,1457846107005,charlie,2,82,82,4,95,75,75,159,151
face-count,1457846107503,charlie,2,82,82,0,98,77,77,158,151
face-count,1457846108005,charlie,2,75,75,159,152,74,74,1,101
face-count,1457846108506,charlie,2,76,76,157,150,75,75,1,99
face-count,1457846109000,charlie,2,78,78,0,98,74,74,158,151
face-count,1457846109521,charlie,2,78,78,2,102,74,74,159,152
face-count,1457846110064,charlie,3,76,76,167,104,75,75,1,103,75,75,159,152
face-count,1457846110554,charlie,2,76,76,159,151,73,73,2,104
face-count,1457846111066,charlie,3,75,75,162,152,73,73,1,104,66,66,236,92
face-count,1457846111554,charlie,2,76,76,2,102,74,74,161,151
face-count,1457846112010,charlie,2,77,77,3,101,76,76,158,151
face-count,1457846112528,charlie,2,79,79,3,100,74,74,159,151
face-count,1457846113026,charlie,2,79,79,158,149,79,79,5,100
face-count,1457846113550,charlie,2,77,77,159,150,76,76,1,101
face-count,1457846114044,charlie,2,80,80,2,101,75,75,159,151
face-count,1457846114565,charlie,3,84,84,68,59,81,81,157,147,76,76,2,103
face-count,1457846115065,charlie,2,78,78,2,102,77,77,158,150
face-count,1457846115555,charlie,2,80,80,158,148,77,77,2,103
face-count,1457846116039,charlie,2,78,78,1,101,76,76,160,149
face-count,1457846116507,charlie,2,77,77,160,148,75,75,1,104
face-count,1457846117010,charlie,2,79,79,1,103,77,77,161,149
face-count,1457846117658,charlie,3,82,82,159,147,80,80,1,102,63,63,153,100
face-count,1457846118016,charlie,2,79,79,160,148,75,75,1,106
face-count,1457846118516,charlie,2,76,76,160,149,74,74,1,106
face-count,1457846119013,charlie,2,79,79,157,148,74,74,1,108
face-count,1457846119517,charlie,2,78,78,2,105,77,77,156,149
face-count,1457846120008,charlie,2,78,78,159,149,78,78,2,106
face-count,1457846120508,charlie,2,79,79,1,106,77,77,160,150
face-count,1457846121016,charlie,2,78,78,2,106,77,77,161,150
face-count,1457846121515,charlie,2,80,80,2,104,77,77,161,150
face-count,1457846122018,charlie,2,80,80,2,104,78,78,161,149
face-count,1457846122555,charlie,2,78,78,161,149,76,76,2,106
face-count,1457846123037,charlie,3,78,78,161,149,77,77,3,106,43,43,95,65
face-count,1457846123537,charlie,2,79,79,160,149,77,77,2,106
face-count,1457846124031,charlie,2,79,79,161,150,79,79,2,105
face-count,1457846124515,charlie,2,80,80,1,104,76,76,163,150
face-count,1457846125042,charlie,3,77,77,2,107,76,76,163,153,65,65,238,64
face-count,1457846125583,charlie,2,80,80,161,150,78,78,3,106
face-count,1457846126029,charlie,2,79,79,2,105,76,76,165,152
face-count,1457846126523,charlie,2,78,78,3,105,76,76,166,151
face-count,1457846127018,charlie,2,78,78,165,150,72,72,0,105
face-count,1457846127523,charlie,1,77,77,164,150
face-count,1457846128021,charlie,1,73,73,155,149
face-count,1457846128522,charlie,1,75,75,154,150
face-count,1457846129022,charlie,1,80,80,160,149
face-count,1457846129523,charlie,1,78,78,159,150
face-count,1457846130038,charlie,1,80,80,159,149
face-count,1457846130546,charlie,1,80,80,160,148
face-count,1457846131145,charlie,2,92,92,72,44,84,84,98,66
face-count,1457846131581,charlie,1,83,83,157,147
face-count,1457846132070,charlie,2,111,111,131,89,79,79,161,149
face-count,1457846132566,charlie,1,77,77,159,152
face-count,1457846133035,charlie,1,76,76,159,156
face-count,1457846133524,charlie,1,79,79,157,153
face-count,1457846134018,charlie,1,75,75,159,154
face-count,1457846134518,charlie,1,76,76,159,154
face-count,1457846135021,charlie,1,76,76,158,153
face-count,1457846135525,charlie,1,75,75,158,154
face-count,1457846136020,charlie,1,78,78,161,152
face-count,1457846136577,charlie,1,77,77,161,150
face-count,1457846137041,charlie,1,86,86,161,146
face-count,1457846137540,charlie,3,79,79,165,151,57,57,88,48,47,47,115,66
face-count,1457846138019,charlie,1,76,76,165,152
face-count,1457846138568,charlie,1,75,75,167,154
face-count,1457846139022,charlie,1,78,78,164,151
face-count,1457846139535,charlie,2,79,79,163,150,43,43,85,47
face-count,1457846140018,charlie,1,78,78,162,151
face-count,1457846140523,charlie,1,77,77,163,151
face-count,1457846141024,charlie,1,77,77,164,152
face-count,1457846141541,charlie,1,77,77,163,152
face-count,1457846142038,charlie,2,76,76,165,153,68,68,0,111
face-count,1457846142524,charlie,2,79,79,156,149,67,67,0,111
face-count,1457846143025,charlie,2,79,79,155,150,69,69,0,111
face-count,1457846143578,charlie,2,79,79,156,151,66,66,0,112
face-count,1457846144072,charlie,2,84,84,125,73,73,73,157,153
face-count,1457846144536,charlie,1,76,76,158,151
face-count,1457846145024,charlie,1,79,79,157,148
face-count,1457846145531,charlie,1,76,76,159,147
face-count,1457846146038,charlie,2,76,76,161,147,53,53,249,60
face-count,1457846146551,charlie,2,80,80,160,147,47,47,260,64
face-count,1457846147141,charlie,1,92,92,154,141
face-count,1457846147573,charlie,2,74,74,162,149,50,50,261,62
face-count,1457846148124,charlie,2,75,75,163,148,69,69,59,43
face-count,1457846148579,charlie,2,79,79,159,146,52,52,257,61
face-count,1457846149078,charlie,3,77,77,160,146,62,62,0,114,51,51,257,59
face-count,1457846149548,charlie,3,74,74,163,148,63,63,1,115,56,56,254,57
face-count,1457846150028,charlie,3,75,75,162,149,65,65,2,114,57,57,253,56
face-count,1457846150538,charlie,3,75,75,162,150,62,62,2,112,56,56,254,56
face-count,1457846151052,charlie,2,75,75,161,149,57,57,253,56
face-count,1457846151540,charlie,2,74,74,161,149,56,56,252,56
face-count,1457846152059,charlie,2,77,77,158,148,56,56,253,56
face-count,1457846152546,charlie,2,75,75,159,149,53,53,253,57
face-count,1457846153063,charlie,2,76,76,159,148,55,55,252,58
face-count,1457846153551,charlie,2,76,76,154,148,54,54,251,59
face-count,1457846154051,charlie,2,75,75,152,147,54,54,251,63
face-count,1457846154549,charlie,2,75,75,149,148,52,52,262,69
face-count,1457846155050,charlie,1,74,74,151,148
face-count,1457846155597,charlie,1,80,80,146,144
face-count,1457846156035,charlie,1,75,75,148,147
face-count,1457846156606,charlie,1,76,76,147,146
face-count,1457846157047,charlie,1,77,77,145,145
face-count,1457846157547,charlie,1,74,74,150,146
face-count,1457846158048,charlie,1,75,75,145,146
face-count,1457846158559,charlie,1,76,76,144,147
face-count,1457846159212,charlie,2,82,82,141,144,76,76,141,90
face-count,1457846159563,charlie,1,75,75,144,147
face-count,1457846160112,charlie,1,81,81,143,144
face-count,1457846160621,charlie,3,76,76,163,113,74,74,146,149,72,72,1,117
face-count,1457846161104,charlie,3,91,91,197,136,79,79,144,146,74,74,1,118
face-count,1457846161564,charlie,2,75,75,147,147,68,68,4,121
face-count,1457846162050,charlie,2,75,75,147,147,74,74,1,116
face-count,1457846162638,charlie,2,78,78,149,143,74,74,2,117
face-count,1457846163047,charlie,2,80,80,159,143,72,72,1,117
face-count,1457846163561,charlie,3,80,80,173,147,69,69,1,116,43,43,55,60
face-count,1457846164090,charlie,2,78,78,191,151,71,71,0,116
face-count,1457846164606,charlie,2,76,76,192,155,76,76,66,69
face-count,1457846165103,charlie,4,92,92,79,84,77,77,184,156,70,70,2,116,69,69,69,72
face-count,1457846165605,charlie,1,78,78,170,136
face-count,1457846166065,charlie,2,73,73,146,136,66,66,1,116
face-count,1457846166561,charlie,2,76,76,140,139,69,69,0,112
face-count,1457846167045,charlie,2,82,82,140,138,67,67,1,115
face-count,1457846167550,charlie,2,81,81,142,140,67,67,1,115
face-count,1457846168052,charlie,2,79,79,144,141,67,67,3,113
face-count,1457846168572,charlie,2,81,81,141,141,69,69,1,112
face-count,1457846169069,charlie,2,80,80,141,141,74,74,1,110
face-count,1457846169570,charlie,2,80,80,141,141,71,71,3,112
face-count,1457846170061,charlie,2,80,80,139,141,75,75,2,111
face-count,1457846170560,charlie,2,79,79,138,142,75,75,2,112
face-count,1457846171062,charlie,2,78,78,140,144,72,72,3,111
face-count,1457846171571,charlie,2,79,79,143,144,76,76,8,108
face-count,1457846172072,charlie,2,79,79,144,146,79,79,6,107
face-count,1457846172574,charlie,2,80,80,145,145,77,77,6,108
face-count,1457846173073,charlie,2,78,78,145,146,78,78,6,108
face-count,1457846173568,charlie,2,80,80,144,145,77,77,7,108
face-count,1457846174074,charlie,2,79,79,143,145,77,77,6,109
face-count,1457846174567,charlie,2,79,79,144,146,76,76,6,109
face-count,1457846175072,charlie,2,79,79,145,145,77,77,6,109
face-count,1457846175577,charlie,2,78,78,146,146,77,77,5,109
face-count,1457846176111,charlie,3,76,76,147,148,76,76,118,76,74,74,5,111
face-count,1457846176623,charlie,3,78,78,147,146,76,76,104,68,71,71,5,112
face-count,1457846177129,charlie,3,82,82,145,143,76,76,4,109,63,63,155,108
face-count,1457846177633,charlie,3,111,111,195,122,82,82,144,145,80,80,3,108
face-count,1457846178106,charlie,2,89,89,145,136,78,78,4,108
face-count,1457846178600,charlie,2,81,81,145,141,74,74,6,111
face-count,1457846179070,charlie,2,83,83,147,138,74,74,5,111
face-count,1457846179569,charlie,2,83,83,147,141,75,75,4,111
face-count,1457846180080,charlie,2,82,82,148,141,74,74,4,111
face-count,1457846180582,charlie,2,83,83,148,141,75,75,3,112
face-count,1457846181100,charlie,2,83,83,148,141,76,76,3,111
face-count,1457846181648,charlie,2,83,83,148,142,79,79,3,111
face-count,1457846182129,charlie,2,83,83,149,141,76,76,3,112
face-count,1457846182671,charlie,3,79,79,151,143,74,74,3,113,52,52,71,51
face-count,1457846183165,charlie,3,82,82,148,141,76,76,3,112,52,52,84,61
face-count,1457846183673,charlie,2,81,81,149,142,76,76,3,111
face-count,1457846184151,charlie,2,80,80,149,143,75,75,4,112
face-count,1457846184648,charlie,2,84,84,147,140,76,76,3,105
face-count,1457846185133,charlie,2,84,84,147,141,77,77,4,106
face-count,1457846185627,charlie,2,83,83,148,142,74,74,4,108
face-count,1457846186102,charlie,2,79,79,149,142,68,68,2,109
face-count,1457846186610,charlie,2,84,84,147,141,66,66,0,111
face-count,1457846187107,charlie,2,78,78,152,147,68,68,1,112
face-count,1457846187666,charlie,3,101,101,116,72,79,79,149,149,69,69,2,114
face-count,1457846188114,charlie,2,81,81,149,146,67,67,2,112
face-count,1457846188616,charlie,2,81,81,148,146,72,72,3,111
face-count,1457846189113,charlie,2,82,82,150,145,69,69,3,113
face-count,1457846189623,charlie,2,82,82,156,144,71,71,2,113
face-count,1457846190111,charlie,2,82,82,155,142,71,71,1,112
face-count,1457846190632,charlie,2,81,81,155,144,71,71,1,113
face-count,1457846191136,charlie,2,81,81,155,144,68,68,2,109
face-count,1457846191643,charlie,2,80,80,151,142,73,73,1,106
face-count,1457846192141,charlie,2,81,81,151,146,71,71,1,109
face-count,1457846192655,charlie,2,80,80,141,142,72,72,2,109
face-count,1457846193140,charlie,2,79,79,148,142,75,75,3,109
face-count,1457846193709,charlie,3,84,84,128,84,76,76,148,145,74,74,3,111
face-count,1457846194167,charlie,2,79,79,146,146,77,77,3,110
face-count,1457846194683,charlie,3,92,92,181,121,83,83,147,146,81,81,2,107
face-count,1457846195133,charlie,2,79,79,149,147,75,75,4,110
face-count,1457846195645,charlie,2,81,81,148,146,75,75,4,110
face-count,1457846196128,charlie,2,82,82,147,145,76,76,4,110
face-count,1457846196647,charlie,2,83,83,147,145,75,75,4,110
face-count,1457846197149,charlie,2,82,82,151,146,74,74,4,110
face-count,1457846197649,charlie,2,81,81,150,145,77,77,4,109
face-count,1457846198133,charlie,2,79,79,151,147,78,78,4,108
face-count,1457846198634,charlie,2,79,79,148,145,75,75,4,110
face-count,1457846199147,charlie,2,86,86,147,142,76,76,4,110
face-count,1457846199684,charlie,2,81,81,148,144,76,76,4,110
face-count,1457846200179,charlie,2,83,83,147,143,70,70,4,112
face-count,1457846200699,charlie,2,87,87,147,141,66,66,1,110
face-count,1457846201171,charlie,2,84,84,142,144,71,71,1,112
face-count,1457846201670,charlie,1,75,75,144,147
face-count,1457846202131,charlie,1,79,79,144,145
face-count,1457846202645,charlie,1,81,81,144,145
face-count,1457846203132,charlie,1,81,81,144,145
face-count,1457846203669,charlie,1,79,79,146,146
face-count,1457846204129,charlie,1,79,79,145,145
face-count,1457846204644,charlie,1,79,79,145,146
face-count,1457846205131,charlie,1,80,80,145,146
face-count,1457846205651,charlie,1,79,79,146,147
face-count,1457846206204,charlie,1,79,79,146,146
face-count,1457846206648,charlie,1,79,79,146,145
face-count,1457846207141,charlie,1,79,79,147,146
face-count,1457846207647,charlie,1,79,79,146,146
face-count,1457846208130,charlie,1,79,79,147,146
face-count,1457846208651,charlie,1,80,80,146,146
face-count,1457846209149,charlie,1,81,81,146,145
face-count,1457846209665,charlie,1,79,79,147,145
face-count,1457846210175,charlie,1,77,77,148,146
face-count,1457846210694,charlie,1,78,78,147,145
face-count,1457846211180,charlie,1,81,81,146,145
face-count,1457846211679,charlie,1,85,85,142,140
face-count,1457846212176,charlie,1,82,82,146,140
face-count,1457846212685,charlie,1,83,83,146,142
face-count,1457846213167,charlie,1,79,79,148,145
face-count,1457846213736,charlie,1,82,82,147,145
face-count,1457846214137,charlie,1,80,80,149,145
face-count,1457846214660,charlie,1,80,80,149,146
face-count,1457846215154,charlie,1,82,82,148,145
face-count,1457846215672,charlie,1,82,82,149,145
face-count,1457846216186,charlie,2,80,80,148,145,76,76,107,91
face-count,1457846216716,charlie,1,81,81,148,146
face-count,1457846217187,charlie,2,84,84,146,144,68,68,132,88
face-count,1457846217706,charlie,2,84,84,125,83,81,81,147,145
face-count,1457846218172,charlie,1,80,80,148,146
face-count,1457846218682,charlie,1,82,82,148,146
face-count,1457846219149,charlie,1,81,81,148,146
face-count,1457846219664,charlie,1,82,82,148,145
face-count,1457846220144,charlie,1,80,80,149,146
face-count,1457846220653,charlie,1,80,80,147,146
face-count,1457846221140,charlie,1,81,81,148,145
face-count,1457846221657,charlie,1,80,80,150,148
face-count,1457846223657,charlie,1,75,75,155,155
face-count,1457846224154,charlie,1,80,80,153,147
face-count,1457846224665,charlie,1,80,80,154,146
face-count,1457846225144,charlie,1,80,80,155,145
face-count,1457846225699,charlie,2,79,79,162,146,57,57,130,83
face-count,1457846226211,charlie,1,80,80,160,146
face-count,1457846226693,charlie,1,74,74,162,148
face-count,1457846227211,charlie,1,80,80,160,146
face-count,1457846227708,charlie,1,75,75,162,147
face-count,1457846228160,charlie,1,83,83,160,143
face-count,1457846228688,charlie,1,83,83,159,145
face-count,1457846229150,charlie,1,79,79,161,146
face-count,1457846229664,charlie,1,80,80,161,146
face-count,1457846230152,charlie,1,80,80,161,145
face-count,1457846230681,charlie,2,81,81,161,146,46,46,48,77
face-count,1457846231181,charlie,1,81,81,160,145
face-count,1457846231718,charlie,1,82,82,159,145
face-count,1457846232191,charlie,2,84,84,89,142,81,81,159,144
face-count,1457846232713,charlie,1,78,78,162,148
face-count,1457846233188,charlie,1,78,78,161,145
face-count,1457846233695,charlie,1,78,78,161,147
face-count,1457846234148,charlie,1,80,80,159,145
face-count,1457846234662,charlie,1,81,81,157,145
face-count,1457846235151,charlie,1,81,81,158,146
face-count,1457846235673,charlie,1,80,80,158,146
face-count,1457846236151,charlie,1,80,80,159,146
face-count,1457846236665,charlie,1,80,80,160,147
face-count,1457846237153,charlie,1,79,79,160,148
face-count,1457846237672,charlie,1,80,80,159,147
face-count,1457846238150,charlie,1,80,80,160,147
face-count,1457846238666,charlie,1,78,78,161,148
face-count,1457846239156,charlie,1,78,78,161,148
face-count,1457846239671,charlie,1,79,79,160,147
face-count,1457846240154,charlie,1,79,79,160,147
face-count,1457846240662,charlie,1,78,78,161,148
face-count,1457846241152,charlie,1,78,78,160,148
face-count,1457846241672,charlie,1,79,79,160,148
face-count,1457846242205,charlie,2,88,88,177,117,76,76,161,149
face-count,1457846242718,charlie,1,81,81,159,146
face-count,1457846243203,charlie,2,81,81,160,147,73,73,152,100
face-count,1457846243723,charlie,2,84,84,146,96,79,79,158,147
face-count,1457846244197,charlie,2,86,86,155,140,76,76,150,98
face-count,1457846244702,charlie,1,76,76,152,149
face-count,1457846245157,charlie,1,77,77,157,147
face-count,1457846245689,charlie,1,78,78,156,150
face-count,1457846246152,charlie,1,76,76,163,151
face-count,1457846246669,charlie,1,75,75,166,152
face-count,1457846247159,charlie,1,78,78,162,150
face-count,1457846247670,charlie,1,77,77,161,151
face-count,1457846248150,charlie,1,78,78,156,145
face-count,1457846248666,charlie,1,78,78,151,144
face-count,1457846249164,charlie,1,74,74,145,144
face-count,1457846249672,charlie,1,77,77,146,142
face-count,1457846250165,charlie,1,78,78,147,143
face-count,1457846250675,charlie,1,79,79,148,143
face-count,1457846251165,charlie,1,78,78,149,143
face-count,1457846251682,charlie,1,78,78,150,143
face-count,1457846252187,charlie,1,78,78,151,143
face-count,1457846252719,charlie,3,82,82,150,143,76,76,58,63,57,57,51,54
face-count,1457846253214,charlie,3,76,76,155,153,76,76,44,45,37,37,73,157
face-count,1457846253755,charlie,1,73,73,157,155
face-count,1457846254233,charlie,2,92,92,98,95,76,76,161,158
face-count,1457846254714,charlie,1,76,76,157,156
face-count,1457846255187,charlie,1,73,73,160,157
face-count,1457846255728,charlie,1,79,79,157,152
face-count,1457846256187,charlie,2,75,75,159,155,68,68,0,118
face-count,1457846256699,charlie,2,73,73,159,155,68,68,0,116
face-count,1457846257199,charlie,3,74,74,157,154,66,66,0,118,39,39,74,158
face-count,1457846257765,charlie,3,76,76,155,153,69,69,1,116,37,37,78,165
face-count,1457846258253,charlie,2,75,75,150,150,69,69,131,81
face-count,1457846258716,charlie,2,67,67,147,150,43,43,74,160
face-count,1457846259192,charlie,2,64,64,162,155,39,39,75,162
face-count,1457846259755,charlie,2,64,64,175,156,41,41,73,161
face-count,1457846260260,charlie,2,73,73,173,154,32,32,78,165
face-count,1457846260739,charlie,2,66,66,163,157,38,38,74,162
face-count,1457846261217,charlie,2,63,63,154,158,39,39,74,162
face-count,1457846261715,charlie,2,64,64,153,159,39,39,77,161
face-count,1457846262196,charlie,2,66,66,156,158,39,39,82,159
face-count,1457846262711,charlie,2,65,65,158,159,40,40,87,157
face-count,1457846263198,charlie,2,66,66,158,159,41,41,78,157
face-count,1457846263709,charlie,1,65,65,158,160
face-count,1457846264209,charlie,1,65,65,158,158
face-count,1457846264707,charlie,1,66,66,159,157
face-count,1457846265213,charlie,1,68,68,172,156
face-count,1457846265706,charlie,1,64,64,164,171
face-count,1457846266203,charlie,1,68,68,0,117
face-count,1457846266714,charlie,2,74,74,0,116,63,63,164,172
face-count,1457846267210,charlie,2,72,72,1,116,64,64,156,169
face-count,1457846267706,charlie,2,79,79,0,111,63,63,174,169
face-count,1457846268210,charlie,2,79,79,0,114,64,64,187,168
face-count,1457846268853,charlie,2,57,57,179,170,47,47,57,56
face-count,1457846269211,charlie,2,76,76,0,116,60,60,173,169
face-count,1457846269729,charlie,3,73,73,0,116,72,72,170,160,52,52,63,62
face-count,1457846270235,charlie,2,76,76,0,114,67,67,183,164
face-count,1457846270758,charlie,3,75,75,0,116,71,71,184,165,57,57,102,86
face-count,1457846271264,charlie,2,68,68,1,104,66,66,184,166
face-count,1457846271761,charlie,1,69,69,180,169
face-count,1457846272724,charlie,1,68,68,167,166
face-count,1457846273213,charlie,1,64,64,165,171
face-count,1457846273713,charlie,1,63,63,184,172
face-count,1457846274727,charlie,1,43,43,102,63
face-count,1457846276258,charlie,2,101,101,143,93,76,76,138,92
face-count,1457846277258,charlie,1,63,63,190,108
face-count,1457846282234,charlie,1,61,61,178,174
face-count,1457846282723,charlie,1,65,65,176,171
face-count,1457846283233,charlie,1,65,65,174,171
face-count,1457846284789,charlie,2,92,92,77,31,69,69,173,169
face-count,1457846285276,charlie,1,63,63,172,172
face-count,1457846285764,charlie,1,66,66,158,164
face-count,1457846286254,charlie,1,73,73,143,156
face-count,1457846286716,charlie,1,66,66,153,160
face-count,1457846287231,charlie,1,65,65,151,158
face-count,1457846287729,charlie,1,67,67,141,156
face-count,1457846288229,charlie,1,66,66,151,159
face-count,1457846288758,charlie,2,66,66,156,163,47,47,91,64
face-count,1457846289220,charlie,1,66,66,158,164
face-count,1457846289730,charlie,1,65,65,158,166
face-count,1457846290215,charlie,1,65,65,158,166
face-count,1457846290716,charlie,1,64,64,158,166
face-count,1457846291278,charlie,1,72,72,159,162
face-count,1457846291720,charlie,1,66,66,160,164
face-count,1457846292229,charlie,1,66,66,159,163
face-count,1457846292727,charlie,1,66,66,163,164
face-count,1457846293229,charlie,1,68,68,176,164
face-count,1457846293737,charlie,1,70,70,181,165
face-count,1457846294296,charlie,3,84,84,167,137,70,70,183,164,47,47,75,60
face-count,1457846297231,charlie,1,67,67,183,167
face-count,1457846297732,charlie,1,74,74,176,151
face-count,1457846298237,charlie,1,72,72,184,148
face-count,1457846298731,charlie,1,75,75,183,149
face-count,1457846299234,charlie,1,73,73,185,151
face-count,1457846299743,charlie,1,75,75,184,150
face-count,1457846300263,charlie,1,74,74,185,152
face-count,1457846300793,charlie,1,78,78,186,152
face-count,1457846301299,charlie,1,78,78,192,153
face-count,1457846301809,charlie,1,74,74,191,155
face-count,1457846302289,charlie,1,75,75,187,155
face-count,1457846302777,charlie,1,74,74,179,154
face-count,1457846303231,charlie,2,71,71,180,159,63,63,88,81
face-count,1457846303741,charlie,2,67,67,184,164,63,63,98,92
face-count,1457846304243,charlie,2,69,69,85,99,68,68,190,165
face-count,1457846304742,charlie,2,73,73,39,120,69,69,183,165
face-count,1457846305240,charlie,2,79,79,12,144,68,68,177,167
face-count,1457846305737,charlie,2,84,84,6,144,68,68,178,166
face-count,1457846306258,charlie,2,86,86,8,142,65,65,174,170
face-count,1457846306737,charlie,2,86,86,8,143,66,66,172,169
face-count,1457846307254,charlie,2,84,84,14,119,65,65,173,169
face-count,1457846307745,charlie,2,84,84,15,103,67,67,166,167
face-count,1457846308281,charlie,1,70,70,165,166
face-count,1457846309275,charlie,1,67,67,168,164
face-count,1457846309776,charlie,1,68,68,171,168
face-count,1457846310247,charlie,1,68,68,174,168
face-count,1457846310735,charlie,1,66,66,176,169
face-count,1457846311231,charlie,1,67,67,171,168
face-count,1457846311732,charlie,1,68,68,175,165
face-count,1457846312241,charlie,1,70,70,183,160
face-count,1457846312735,charlie,1,68,68,194,164
face-count,1457846313239,charlie,1,70,70,192,161
face-count,1457846313732,charlie,1,69,69,187,161
face-count,1457846314250,charlie,1,69,69,183,160
face-count,1457846314753,charlie,1,69,69,182,161
face-count,1457846315266,charlie,1,70,70,183,162
face-count,1457846315753,charlie,1,70,70,183,162
face-count,1457846316252,charlie,1,69,69,183,163
face-count,1457846316757,charlie,1,68,68,183,164
face-count,1457846317308,charlie,1,66,66,179,167
face-count,1457846317799,charlie,1,71,71,174,162
face-count,1457846318297,charlie,2,71,71,164,154,52,52,231,87
face-count,1457846318797,charlie,1,63,63,136,70
face-count,1457846321257,charlie,1,65,65,164,158
face-count,1457846321756,charlie,1,73,73,168,156
face-count,1457846322271,charlie,1,70,70,174,160
face-count,1457846322761,charlie,1,71,71,171,159
face-count,1457846323263,charlie,1,73,73,170,156
face-count,1457846323775,charlie,1,68,68,147,154
face-count,1457846325283,charlie,2,63,63,104,70,52,52,119,87
face-count,1457846325813,charlie,1,84,84,163,126
face-count,1457846326310,charlie,1,76,76,154,124
face-count,1457846330267,charlie,1,62,62,126,167
face-count,1457846330769,charlie,1,64,64,145,165
