face-count,1457845714659,erin,1,87,87,170,110
face-count,1457845715057,erin,1,82,82,167,114
face-count,1457845715625,erin,1,80,80,163,115
face-count,1457845716088,erin,1,83,83,156,115
face-count,1457845716567,erin,1,78,78,155,118
face-count,1457845717075,erin,1,77,77,152,121
face-count,1457845717596,erin,1,80,80,149,120
face-count,1457845718126,erin,1,78,78,151,121
face-count,1457845718651,erin,1,79,79,151,121
face-count,1457845719146,erin,1,78,78,152,121
face-count,1457845719680,erin,1,80,80,151,121
face-count,1457845720214,erin,1,79,79,151,122
face-count,1457845720873,erin,3,101,101,141,110,62,62,163,130,43,43,85,133
face-count,1457845721309,erin,2,82,82,151,120,52,52,90,145
face-count,1457845721864,erin,3,77,77,158,122,52,52,75,130,43,43,208,163
face-count,1457845722357,erin,2,85,85,155,118,46,46,66,120
face-count,1457845722807,erin,2,86,86,154,117,43,43,50,125
face-count,1457845723325,erin,1,82,82,156,119
face-count,1457845723950,erin,1,86,86,154,117
face-count,1457845724381,erin,1,82,82,157,119
face-count,1457845724948,erin,1,83,83,156,117
face-count,1457845725446,erin,1,80,80,158,114
face-count,1457845725853,erin,1,85,85,168,112
face-count,1457845726472,erin,1,84,84,152,113
face-count,1457845726888,erin,1,82,82,164,117
face-count,1457845727403,erin,1,81,81,161,115
face-count,1457845727940,erin,1,80,80,162,115
face-count,1457845728437,erin,1,79,79,162,115
face-count,1457845728963,erin,1,82,82,161,114
face-count,1457845729489,erin,1,80,80,161,117
face-count,1457845729983,erin,1,80,80,161,117
face-count,1457845730715,erin,1,79,79,162,119
face-count,1457845731052,erin,1,81,81,161,119
face-count,1457845731570,erin,1,80,80,162,119
face-count,1457845732108,erin,2,79,79,163,119,62,62,3,105
face-count,1457845732595,erin,2,88,88,157,127,55,55,2,120
face-count,1457845733573,erin,2,84,84,159,119,47,47,0,134
face-count,1457845733686,erin,1,82,82,160,120
face-count,1457845734152,erin,2,80,80,156,124,47,47,2,146
face-count,1457845734705,erin,2,101,101,129,129,44,44,1,147
face-count,1457845735168,erin,1,87,87,143,117
face-count,1457845735889,erin,2,89,89,160,107,47,47,137,154
face-count,1457845736184,erin,1,86,86,161,113
face-count,1457845736693,erin,1,86,86,155,115
face-count,1457845737373,erin,2,90,90,154,110,69,69,74,54
face-count,1457845737934,erin,1,83,83,155,115
face-count,1457845738538,erin,1,85,85,158,117
face-count,1457845738959,erin,3,84,84,159,117,43,43,25,38,43,43,0,153
face-count,1457845739321,erin,2,86,86,158,117,40,40,39,43
face-count,1457845739956,erin,1,87,87,160,120
face-count,1457845740312,erin,2,85,85,159,118,42,42,17,37
face-count,1457845740831,erin,1,85,85,160,116
face-count,1457845741370,erin,1,87,87,159,116
face-count,1457845741876,erin,1,85,85,159,116
face-count,1457845742388,erin,1,87,87,158,116
face-count,1457845742976,erin,1,94,94,155,113
face-count,1457845743436,erin,1,87,87,158,116
face-count,1457845743936,erin,1,86,86,158,116
face-count,1457845744431,erin,1,109,109,149,103
face-count,1457845744958,erin,1,143,143,124,59
face-count,1457845745462,erin,1,91,91,173,89
face-count,1457845746009,erin,1,101,101,154,99
face-count,1457845746518,erin,1,105,105,151,104
face-count,1457845747159,erin,1,101,101,151,104
face-count,1457845747521,erin,1,104,104,150,105
face-count,1457845748135,erin,1,106,106,151,107
face-count,1457845748670,erin,1,109,109,149,106
face-count,1457845749180,erin,1,109,109,149,106
face-count,1457845749807,erin,1,105,105,152,107
face-count,1457845750176,erin,1,104,104,153,109
face-count,1457845750728,erin,1,104,104,151,110
face-count,1457845751313,erin,1,108,108,150,109
face-count,1457845751854,erin,1,113,113,146,106
face-count,1457845752316,erin,1,102,102,151,110
face-count,1457845752877,erin,2,107,107,146,108,43,43,117,149
face-count,1457845753363,erin,2,105,105,149,108,64,64,134,172
face-count,1457845753765,erin,1,105,105,148,109
face-count,1457845754422,erin,1,104,104,149,109
face-count,1457845754855,erin,2,108,108,146,108,48,48,115,144
face-count,1457845755354,erin,1,106,106,149,108
face-count,1457845755876,erin,2,112,112,145,106,46,46,109,125
face-count,1457845756466,erin,1,105,105,148,108
face-count,1457845757323,erin,2,108,108,147,108,69,69,121,144
face-count,1457845757558,erin,1,105,105,149,110
face-count,1457845757854,erin,2,106,106,148,109,44,44,232,32
face-count,1457845759086,erin,1,104,104,149,110
face-count,1457845760322,erin,2,104,104,150,110,43,43,107,127
face-count,1457845761353,erin,1,105,105,150,109
face-count,1457845761643,erin,1,104,104,151,109
face-count,1457845762729,erin,1,106,106,149,108
face-count,1457845762772,erin,1,114,114,145,105
face-count,1457845762862,erin,1,104,104,149,109
face-count,1457845763379,erin,3,109,109,150,109,57,57,97,118,52,52,125,151
face-count,1457845763414,erin,1,110,110,152,107
face-count,1457845763441,erin,2,100,100,146,103,47,47,49,35
face-count,1457845763697,erin,1,97,97,146,105
face-count,1457845764121,erin,1,108,108,142,102
face-count,1457845764738,erin,1,106,106,153,108
face-count,1457845765079,erin,1,107,107,152,108
face-count,1457845765596,erin,1,106,106,149,109
face-count,1457845766103,erin,1,105,105,151,110
face-count,1457845766829,erin,1,106,106,154,111
face-count,1457845767510,erin,1,105,105,154,111
face-count,1457845768030,erin,1,104,104,151,110
face-count,1457845768659,erin,1,104,104,150,111
face-count,1457845769408,erin,1,104,104,149,111
face-count,1457845769411,erin,1,104,104,150,112
face-count,1457845769876,erin,1,105,105,150,111
face-count,1457845770372,erin,2,111,111,147,108,92,92,118,85
face-count,1457845770918,erin,2,99,99,154,112,76,76,124,94
face-count,1457845771447,erin,1,106,106,151,109
face-count,1457845771820,erin,1,105,105,153,110
face-count,1457845772324,erin,1,104,104,153,110
face-count,1457845772978,erin,1,108,108,150,108
face-count,1457845773338,erin,1,104,104,151,109
face-count,1457845773831,erin,1,105,105,151,110
face-count,1457845774351,erin,1,106,106,151,110
face-count,1457845774871,erin,1,106,106,152,109
face-count,1457845775395,erin,1,104,104,152,110
face-count,1457845775920,erin,1,104,104,151,110
face-count,1457845776504,erin,1,108,108,150,108
face-count,1457845776963,erin,1,104,104,152,110
face-count,1457845777595,erin,1,103,103,154,110
face-count,1457845777998,erin,2,104,104,152,109,44,44,40,56
face-count,1457845778547,erin,1,103,103,152,110
face-count,1457845779013,erin,1,106,106,152,108
face-count,1457845779506,erin,1,107,107,150,107
face-count,1457845780034,erin,1,101,101,141,107
face-count,1457845780545,erin,1,100,100,145,108
face-count,1457845781319,erin,1,101,101,146,108
face-count,1457845781578,erin,1,104,104,146,109
face-count,1457845782454,erin,1,103,103,146,109
face-count,1457845782959,erin,1,105,105,148,110
face-count,1457845783191,erin,1,102,102,150,110
face-count,1457845783842,erin,1,109,109,146,108
face-count,1457845784282,erin,1,102,102,150,112
face-count,1457845784842,erin,1,109,109,146,109
face-count,1457845785213,erin,1,104,104,148,111
face-count,1457845785899,erin,2,109,109,147,109,59,59,76,62
face-count,1457845786497,erin,1,106,106,148,110
face-count,1457845786960,erin,1,105,105,148,112
face-count,1457845787400,erin,2,104,104,148,111,84,84,112,91
face-count,1457845787960,erin,1,105,105,147,111
face-count,1457845788373,erin,1,105,105,147,111
face-count,1457845788860,erin,1,105,105,147,110
face-count,1457845789461,erin,1,104,104,148,112
face-count,1457845789860,erin,1,103,103,148,112
face-count,1457845790377,erin,1,103,103,148,112
face-count,1457845790918,erin,1,104,104,147,111
face-count,1457845791512,erin,1,112,112,144,108
face-count,1457845791926,erin,1,105,105,147,110
face-count,1457845792527,erin,1,107,107,146,110
face-count,1457845793034,erin,1,105,105,147,110
face-count,1457845793606,erin,2,104,104,148,110,69,69,121,102
face-count,1457845793980,erin,1,104,104,147,111
face-count,1457845794629,erin,1,104,104,147,111
face-count,1457845795023,erin,1,106,106,146,109
face-count,1457845795635,erin,1,108,108,145,108
face-count,1457845796120,erin,1,104,104,148,110
face-count,1457845796686,erin,1,108,108,145,109
face-count,1457845797164,erin,1,103,103,146,110
face-count,1457845797605,erin,1,104,104,146,110
face-count,1457845798108,erin,1,104,104,147,110
face-count,1457845798768,erin,1,104,104,147,110
face-count,1457845799180,erin,1,106,106,146,110
face-count,1457845799702,erin,1,104,104,148,111
face-count,1457845801428,erin,3,108,108,144,109,76,76,86,76,43,43,90,107
face-count,1457845801445,erin,1,104,104,146,111
face-count,1457845801530,erin,1,104,104,146,112
face-count,1457845801764,erin,1,108,108,143,109
face-count,1457845802377,erin,1,109,109,143,110
face-count,1457845802886,erin,1,105,105,144,111
face-count,1457845803368,erin,2,105,105,144,111,57,57,121,142
face-count,1457845803886,erin,2,108,108,142,109,43,43,114,135
face-count,1457845804351,erin,1,103,103,142,112
face-count,1457845804874,erin,2,108,108,138,110,43,43,81,97
face-count,1457845805394,erin,1,100,100,146,106
face-count,1457845805909,erin,1,102,102,141,113
face-count,1457845806392,erin,1,100,100,142,110
face-count,1457845807008,erin,1,102,102,141,110
face-count,1457845807406,erin,1,102,102,140,111
face-count,1457845807941,erin,1,98,98,143,114
face-count,1457845808438,erin,1,101,101,141,112
face-count,1457845808954,erin,1,102,102,141,112
face-count,1457845809467,erin,1,101,101,141,112
face-count,1457845810019,erin,1,101,101,140,112
face-count,1457845810773,erin,1,106,106,137,110
face-count,1457845811375,erin,1,99,99,138,108
face-count,1457845811538,erin,1,72,72,154,98
face-count,1457845812177,erin,1,75,75,150,90
face-count,1457845812609,erin,1,77,77,145,92
face-count,1457845813093,erin,1,80,80,145,95
face-count,1457845813668,erin,1,87,87,151,93
face-count,1457845814164,erin,1,88,88,149,99
face-count,1457845814718,erin,1,86,86,161,103
face-count,1457845815198,erin,1,95,95,156,100
face-count,1457845815928,erin,1,90,90,156,102
face-count,1457845816224,erin,1,92,92,154,100
face-count,1457845816757,erin,1,77,77,163,97
face-count,1457845817377,erin,2,75,75,162,103,52,52,134,164
face-count,1457845817813,erin,1,126,126,116,104
face-count,1457845818352,erin,1,131,131,82,68
face-count,1457845818898,erin,2,100,100,99,92,57,57,125,157
face-count,1457845819352,erin,2,100,100,120,74,57,57,144,177
face-count,1457845819893,erin,2,99,99,123,78,57,57,90,105
face-count,1457845820393,erin,2,111,111,109,77,57,57,201,154
face-count,1457845820896,erin,2,111,111,119,86,43,43,78,96
face-count,1457845821387,erin,1,109,109,122,89
face-count,1457845821907,erin,1,110,110,119,95
face-count,1457845822478,erin,1,111,111,121,94
face-count,1457845823002,erin,2,106,106,120,102,101,101,178,93
face-count,1457845823504,erin,2,117,117,113,97,76,76,77,77
face-count,1457845824633,erin,1,111,111,116,99
face-count,1457845824649,erin,1,118,118,118,96
face-count,1457845825022,erin,1,113,113,115,97
face-count,1457845825571,erin,1,116,116,107,98
face-count,1457845826032,erin,1,124,124,94,92
face-count,1457845826579,erin,1,119,119,123,97
face-count,1457845827040,erin,1,111,111,121,100
face-count,1457845827553,erin,1,114,114,118,99
face-count,1457845828088,erin,1,115,115,117,99
face-count,1457845828753,erin,1,115,115,118,99
face-count,1457845829107,erin,1,115,115,119,99
face-count,1457845829714,erin,2,115,115,117,98,43,43,54,59
face-count,1457845830210,erin,1,116,116,114,94
face-count,1457845830744,erin,2,117,117,113,94,101,101,210,104
face-count,1457845831360,erin,2,117,117,108,93,61,61,2,105
face-count,1457845831861,erin,1,114,114,110,101
face-count,1457845832298,erin,1,117,117,109,100
face-count,1457845832789,erin,1,115,115,116,90
face-count,1457845833370,erin,1,111,111,114,95
face-count,1457845833871,erin,2,116,116,111,95,76,76,72,87
face-count,1457845834411,erin,3,120,120,111,94,58,58,1,95,57,57,72,85
face-count,1457845834905,erin,2,114,114,116,97,43,43,65,74
face-count,1457845835435,erin,1,111,111,117,97
face-count,1457845835928,erin,1,116,116,110,96
face-count,1457845836426,erin,2,119,119,110,98,56,56,78,90
face-count,1457845836932,erin,1,113,113,117,103
face-count,1457845838343,erin,2,98,98,134,96,52,52,141,163
face-count,1457845838707,erin,1,108,108,133,97
face-count,1457845839362,erin,1,108,108,135,101
face-count,1457845839915,erin,1,110,110,131,98
face-count,1457845839925,erin,2,109,109,133,99,63,63,97,74
face-count,1457845840243,erin,1,107,107,131,100
face-count,1457845840961,erin,1,110,110,130,98
face-count,1457845841621,erin,1,108,108,129,100
face-count,1457845842146,erin,1,107,107,131,100
face-count,1457845842383,erin,1,106,106,131,100
face-count,1457845842872,erin,1,103,103,144,93
face-count,1457845843545,erin,1,71,71,240,105
face-count,1457845844136,erin,2,92,92,88,108,57,57,105,128
face-count,1457845845164,erin,3,63,63,14,119,52,52,95,114,51,51,14,113
face-count,1457845845674,erin,2,63,63,104,122,63,63,18,124
face-count,1457845846168,erin,2,92,92,120,139,57,57,4,138
face-count,1457845847222,erin,3,92,92,202,112,81,81,86,100,42,42,3,66
face-count,1457845847740,erin,1,64,64,104,118
face-count,1457845848255,erin,3,83,83,184,99,63,63,122,137,40,40,105,60
face-count,1457845848796,erin,2,95,95,109,92,45,45,113,55
face-count,1457845849325,erin,3,97,97,128,100,68,68,89,100,50,50,99,43
face-count,1457845849846,erin,3,97,97,121,100,47,47,97,102,43,43,107,44
face-count,1457845850389,erin,2,99,99,120,101,51,51,100,42
face-count,1457845850969,erin,2,96,96,122,101,50,50,94,43
face-count,1457845851402,erin,2,95,95,123,102,51,51,92,42
face-count,1457845851938,erin,4,100,100,121,100,84,84,194,106,69,69,121,169,49,49,94,40
face-count,1457845852436,erin,3,98,98,121,101,69,69,82,80,49,49,90,41
face-count,1457845852920,erin,2,98,98,121,102,48,48,89,42
face-count,1457845853481,erin,2,94,94,122,103,47,47,90,43
face-count,1457845853941,erin,2,93,93,124,104,57,57,86,38
face-count,1457845854437,erin,4,101,101,166,114,95,95,123,104,65,65,183,132,47,47,92,44
face-count,1457845854992,erin,2,96,96,122,104,49,49,92,43
face-count,1457845855551,erin,2,96,96,122,104,48,48,92,44
face-count,1457845856001,erin,2,97,97,122,103,53,53,90,41
face-count,1457845856516,erin,2,97,97,122,101,47,47,93,45
face-count,1457845857038,erin,2,100,100,121,98,49,49,92,45
face-count,1457845857549,erin,2,94,94,123,100,48,48,92,44
face-count,1457845858084,erin,3,106,106,198,100,100,100,120,94,48,48,93,45
face-count,1457845858606,erin,2,94,94,130,96,46,46,94,45
face-count,1457845859123,erin,2,94,94,128,96,48,48,93,45
face-count,1457845859696,erin,2,93,93,127,96,49,49,93,45
face-count,1457845861168,erin,3,113,113,198,96,93,93,125,97,48,48,93,46
face-count,1457845861292,erin,3,97,97,127,89,50,50,92,45,43,43,122,61
face-count,1457845861305,erin,2,86,86,133,100,47,47,94,46
face-count,1457845861680,erin,2,113,113,124,102,50,50,93,44
face-count,1457845862182,erin,3,98,98,143,93,52,52,111,110,48,48,93,46
face-count,1457845862721,erin,2,100,100,144,95,46,46,96,47
face-count,1457845863247,erin,3,101,101,147,99,57,57,94,96,49,49,96,46
face-count,1457845863751,erin,3,95,95,144,96,57,57,109,106,48,48,95,46
face-count,1457845864287,erin,3,95,95,144,99,47,47,95,46,47,47,126,63
face-count,1457845864883,erin,2,99,99,147,96,47,47,93,47
face-count,1457845865308,erin,2,103,103,144,94,49,49,90,46
face-count,1457845865826,erin,3,95,95,144,97,52,52,94,28,50,50,89,47
face-count,1457845866372,erin,2,90,90,146,95,47,47,92,48
face-count,1457845866903,erin,2,98,98,137,95,48,48,91,47
face-count,1457845867525,erin,2,92,92,139,100,50,50,90,46
face-count,1457845869492,erin,2,94,94,137,99,47,47,91,47
face-count,1457845870256,erin,2,91,91,132,102,48,48,91,47
face-count,1457845871245,erin,2,92,92,133,102,48,48,86,48
face-count,1457845872269,erin,1,92,92,136,101
face-count,1457845874104,erin,1,93,93,138,102
face-count,1457845875173,erin,2,91,91,139,103,46,46,38,59
face-count,1457845875737,erin,2,90,90,140,103,42,42,26,52
face-count,1457845876172,erin,3,88,88,143,95,46,46,90,80,36,36,4,56
face-count,1457845876382,erin,1,100,100,139,118
face-count,1457845876657,erin,2,118,118,140,112,46,46,118,103
face-count,1457845876708,erin,1,106,106,133,104
face-count,1457845876784,erin,1,100,100,137,101
face-count,1457845876896,erin,1,95,95,152,96
face-count,1457845877149,erin,3,96,96,184,102,94,94,153,100,69,69,117,107
face-count,1457845877445,erin,1,101,101,140,102
face-count,1457845877446,erin,1,97,97,148,104
face-count,1457845878134,erin,1,104,104,141,101
face-count,1457845878177,erin,1,100,100,144,106
face-count,1457845878180,erin,1,94,94,142,102
face-count,1457845878268,erin,2,93,93,137,102,47,47,60,53
face-count,1457845878306,erin,2,91,91,137,107,43,43,74,56
face-count,1457845878760,erin,1,93,93,136,102
face-count,1457845879226,erin,3,70,70,159,87,63,63,88,83,47,47,108,101
face-count,1457845880250,erin,1,108,108,151,22
face-count,1457845880766,erin,1,90,90,138,65
face-count,1457845881303,erin,1,88,88,151,75
face-count,1457845881826,erin,1,103,103,143,63
face-count,1457845882371,erin,2,83,83,174,83,54,54,2,64
face-count,1457845882900,erin,4,76,76,2,108,76,76,184,158,74,74,186,87,69,69,7,128
face-count,1457845883379,erin,4,61,61,189,116,47,47,152,66,47,47,63,79,43,43,135,180
face-count,1457845883919,erin,1,75,75,178,114
face-count,1457845884433,erin,3,79,79,188,114,63,63,4,102,63,63,160,146
face-count,1457845885112,erin,1,74,74,190,118
face-count,1457845885863,erin,2,82,82,186,114,69,69,89,133
face-count,1457845886764,erin,1,76,76,189,116
face-count,1457845886768,erin,2,77,77,186,116,63,63,155,96
face-count,1457845887218,erin,1,75,75,187,117
face-count,1457845887980,erin,2,71,71,187,119,47,47,24,62
face-count,1457845888491,erin,3,80,80,160,114,66,66,122,134,59,59,27,78
face-count,1457845888680,erin,1,73,73,157,118
face-count,1457845889623,erin,1,70,70,141,108
face-count,1457845889627,erin,1,79,79,154,117
face-count,1457845890072,erin,1,75,75,156,118
face-count,1457845890780,erin,1,78,78,153,117
face-count,1457845891080,erin,1,78,78,153,118
face-count,1457845891651,erin,1,78,78,154,118
face-count,1457845892207,erin,1,73,73,164,116
face-count,1457845892678,erin,1,80,80,170,119
face-count,1457845893262,erin,1,82,82,170,122
face-count,1457845893718,erin,4,84,84,170,122,76,76,114,61,63,63,155,90,47,47,116,120
face-count,1457845894198,erin,1,85,85,168,123
face-count,1457845894715,erin,2,85,85,166,122,76,76,114,61
face-count,1457845895223,erin,1,82,82,169,120
face-count,1457845895738,erin,1,83,83,168,118
face-count,1457845896256,erin,1,82,82,175,119
face-count,1457845896764,erin,2,84,84,173,118,43,43,107,108
face-count,1457845897271,erin,3,83,83,171,120,57,57,9,107,57,57,112,114
face-count,1457845897844,erin,1,81,81,169,119
face-count,1457845898319,erin,3,84,84,165,119,43,43,4,81,43,43,85,87
face-count,1457845898854,erin,1,82,82,166,120
face-count,1457845899378,erin,1,85,85,161,120
face-count,1457845899910,erin,2,85,85,161,120,57,57,135,129
face-count,1457845900431,erin,2,84,84,156,147,81,81,161,123
face-count,1457845900943,erin,1,80,80,157,123
face-count,1457845901464,erin,1,78,78,156,122
face-count,1457845901965,erin,1,79,79,162,121
face-count,1457845902468,erin,2,86,86,168,121,35,35,84,80
face-count,1457845902955,erin,1,83,83,170,119
face-count,1457845903478,erin,1,86,86,160,118
face-count,1457845903996,erin,1,78,78,161,124
face-count,1457845904502,erin,1,80,80,159,122
face-count,1457845905063,erin,1,80,80,157,120
face-count,1457845905526,erin,1,77,77,158,119
face-count,1457845906053,erin,1,83,83,154,120
face-count,1457845906700,erin,1,77,77,151,120
face-count,1457845907081,erin,2,101,101,182,97,87,87,141,137
face-count,1457845907584,erin,1,119,119,122,82
face-count,1457845908110,erin,1,133,133,103,86
face-count,1457845908642,erin,1,113,113,124,87
face-count,1457845909144,erin,1,93,93,135,85
face-count,1457845909668,erin,1,100,100,136,88
face-count,1457845910179,erin,1,100,100,137,91
face-count,1457845910722,erin,2,104,104,132,92,43,43,12,76
face-count,1457845911228,erin,1,105,105,132,90
face-count,1457845911735,erin,3,103,103,132,93,47,47,88,50,47,47,10,93
face-count,1457845912248,erin,1,100,100,133,95
face-count,1457845912750,erin,2,103,103,129,95,43,43,97,55
face-count,1457845913274,erin,2,104,104,132,92,43,43,65,42
face-count,1457845913789,erin,2,102,102,132,100,39,39,77,48
face-count,1457845914320,erin,1,102,102,126,96
face-count,1457845914866,erin,1,101,101,122,100
face-count,1457845915420,erin,1,96,96,132,106
face-count,1457845915911,erin,1,94,94,137,105
face-count,1457845916426,erin,1,104,104,134,100
face-count,1457845916948,erin,2,96,96,139,102,69,69,77,54
face-count,1457845917464,erin,1,97,97,135,102
face-count,1457845917977,erin,1,100,100,132,102
face-count,1457845918476,erin,1,99,99,132,103
face-count,1457845918964,erin,2,94,94,133,103,69,69,85,64
face-count,1457845919475,erin,1,96,96,131,103
face-count,1457845920881,erin,1,93,93,132,106
face-count,1457845921067,erin,1,100,100,127,102
face-count,1457845921075,erin,2,98,98,129,103,43,43,71,51
face-count,1457845921546,erin,2,96,96,129,104,39,39,64,49
face-count,1457845922066,erin,1,100,100,127,103
face-count,1457845922587,erin,1,100,100,127,103
face-count,1457845923096,erin,2,95,95,129,105,69,69,108,82
face-count,1457845923633,erin,2,95,95,128,105,46,46,254,133
face-count,1457845924131,erin,2,100,100,126,102,59,59,92,62
face-count,1457845924658,erin,2,100,100,127,103,84,84,122,80
face-count,1457845925150,erin,1,98,98,128,105
face-count,1457845925683,erin,3,99,99,127,105,52,52,74,52,47,47,99,68
face-count,1457845926178,erin,1,98,98,127,106
face-count,1457845926720,erin,2,96,96,128,106,47,47,99,70
face-count,1457845927218,erin,1,99,99,128,105
face-count,1457845927734,erin,1,99,99,135,100
face-count,1457845928246,erin,2,99,99,144,98,50,50,85,62
face-count,1457845928755,erin,3,101,101,141,105,57,57,54,38,57,57,118,65
face-count,1457845929273,erin,1,102,102,144,100
face-count,1457845929792,erin,2,101,101,152,102,57,57,91,69
face-count,1457845930304,erin,1,99,99,148,98
face-count,1457845930848,erin,1,100,100,148,99
face-count,1457845931378,erin,3,100,100,145,101,60,60,133,73,58,58,62,45
face-count,1457845931889,erin,2,97,97,148,103,65,65,93,72
face-count,1457845932423,erin,2,99,99,147,102,69,69,163,163
face-count,1457845932934,erin,1,96,96,147,103
face-count,1457845933477,erin,2,98,98,146,104,63,63,115,115
face-count,1457845933989,erin,1,94,94,150,105
face-count,1457845934474,erin,2,97,97,148,104,46,46,125,124
face-count,1457845934973,erin,2,100,100,145,103,42,42,29,56
face-count,1457845935465,erin,1,94,94,148,104
face-count,1457845935980,erin,1,95,95,147,104
face-count,1457845936494,erin,2,97,97,146,104,47,47,69,83
face-count,1457845937010,erin,1,97,97,145,104
face-count,1457845937523,erin,2,97,97,146,102,47,47,49,58
face-count,1457845938051,erin,1,97,97,149,98
face-count,1457845938554,erin,2,94,94,150,98,52,52,60,72
face-count,1457845939083,erin,1,94,94,145,101
face-count,1457845939607,erin,1,93,93,138,104
face-count,1457845940123,erin,1,93,93,137,104
face-count,1457845940638,erin,2,97,97,141,100,49,49,54,66
face-count,1457845941153,erin,2,97,97,139,99,52,52,110,58
face-count,1457845941681,erin,1,99,99,138,98
face-count,1457845942172,erin,1,100,100,133,97
face-count,1457845942715,erin,1,50,50,81,93
face-count,1457845943205,erin,1,52,52,73,83
face-count,1457845943734,erin,1,52,52,80,96
face-count,1457845944764,erin,2,100,100,108,107,63,63,61,82
face-count,1457845945256,erin,1,96,96,136,106
face-count,1457845945769,erin,2,100,100,138,109,43,43,42,57
face-count,1457845946292,erin,1,94,94,149,109
face-count,1457845946845,erin,1,95,95,157,107
face-count,1457845947348,erin,1,98,98,157,104
face-count,1457845947904,erin,2,94,94,151,104,75,75,22,140
face-count,1457845948437,erin,2,93,93,160,104,48,48,131,140
face-count,1457845948942,erin,2,93,93,155,102,52,52,133,136
face-count,1457845949451,erin,3,94,94,160,104,47,47,108,109,42,42,123,122
face-count,1457845949963,erin,2,96,96,155,103,42,42,102,108
face-count,1457845950478,erin,1,92,92,155,102
face-count,1457845950983,erin,1,94,94,158,107
face-count,1457845951490,erin,1,96,96,156,108
face-count,1457845951987,erin,1,95,95,167,105
face-count,1457845952498,erin,1,90,90,165,104
face-count,1457845953018,erin,1,90,90,162,105
face-count,1457845953527,erin,1,95,95,167,108
face-count,1457845954047,erin,1,94,94,166,108
face-count,1457845954683,erin,1,89,89,162,103
face-count,1457845955336,erin,1,90,90,164,105
face-count,1457845955939,erin,3,89,89,166,106,57,57,2,72,52,52,97,108
face-count,1457845956492,erin,1,91,91,164,104
face-count,1457845956952,erin,4,88,88,165,106,57,57,2,73,57,57,97,104,45,45,128,138
face-count,1457845957176,erin,1,91,91,164,106
face-count,1457845957689,erin,1,90,90,164,106
face-count,1457845958225,erin,1,90,90,163,106
face-count,1457845958964,erin,1,90,90,165,106
face-count,1457845959235,erin,1,92,92,167,104
face-count,1457845959764,erin,1,87,87,169,105
face-count,1457845960242,erin,1,88,88,160,106
face-count,1457845960811,erin,1,89,89,164,107
face-count,1457845961272,erin,1,89,89,165,111
face-count,1457845961800,erin,1,92,92,164,109
face-count,1457845962314,erin,1,89,89,173,109
face-count,1457845962823,erin,1,92,92,169,106
face-count,1457845963366,erin,1,90,90,167,108
face-count,1457845963870,erin,1,91,91,167,108
face-count,1457845964503,erin,1,92,92,167,108
face-count,1457845964951,erin,2,91,91,166,111,59,59,134,140
face-count,1457845965673,erin,1,92,92,163,110
face-count,1457845965955,erin,1,91,91,164,110
face-count,1457845966584,erin,1,91,91,166,111
face-count,1457845967150,erin,1,90,90,166,110
face-count,1457845967584,erin,1,89,89,162,108
face-count,1457845968024,erin,1,86,86,160,105
face-count,1457845968532,erin,1,86,86,149,106
face-count,1457845969105,erin,1,85,85,154,108
face-count,1457845969818,erin,1,86,86,154,106
face-count,1457845970101,erin,1,87,87,156,105
face-count,1457845970632,erin,1,85,85,155,107
face-count,1457845971172,erin,1,86,86,156,107
face-count,1457845972196,erin,2,92,92,149,106,76,76,197,144
face-count,1457845972227,erin,1,91,91,150,108
face-count,1457845972661,erin,1,89,89,151,109
face-count,1457845973256,erin,1,89,89,152,110
face-count,1457845973774,erin,1,87,87,160,110
face-count,1457845974206,erin,1,89,89,159,109
face-count,1457845974707,erin,1,88,88,157,110
face-count,1457845975228,erin,1,90,90,155,110
face-count,1457845975760,erin,1,89,89,157,111
face-count,1457845976245,erin,1,90,90,159,112
face-count,1457845976973,erin,2,92,92,158,110,66,66,151,167
face-count,1457845977279,erin,1,90,90,161,111
face-count,1457845977811,erin,1,89,89,160,114
face-count,1457845978335,erin,1,93,93,156,114
face-count,1457845978858,erin,1,91,91,158,115
face-count,1457845979360,erin,1,91,91,156,114
face-count,1457845980107,erin,1,91,91,162,112
face-count,1457845980539,erin,1,91,91,163,111
face-count,1457845980986,erin,1,94,94,159,111
face-count,1457845981466,erin,4,90,90,160,115,63,63,1,104,63,63,121,137,57,57,141,154
face-count,1457845981982,erin,1,91,91,157,114
face-count,1457845982480,erin,2,93,93,154,114,43,43,81,93
face-count,1457845982985,erin,1,92,92,157,112
face-count,1457845983492,erin,2,92,92,163,111,39,39,1,88
face-count,1457845984054,erin,2,92,92,162,111,40,40,3,88
face-count,1457845984541,erin,2,89,89,163,111,40,40,3,89
face-count,1457845985140,erin,2,89,89,154,110,38,38,5,89
face-count,1457845985553,erin,2,85,85,147,113,44,44,2,89
face-count,1457845986069,erin,2,92,92,155,113,38,38,6,92
face-count,1457845986711,erin,1,91,91,155,115
face-count,1457845987105,erin,2,91,91,155,110,37,37,9,92
face-count,1457845987638,erin,2,85,85,151,106,37,37,7,91
face-count,1457845988125,erin,2,90,90,153,111,34,34,6,90
face-count,1457845988654,erin,1,89,89,155,111
face-count,1457845989204,erin,1,81,81,147,104
face-count,1457845989682,erin,1,80,80,158,106
face-count,1457845990195,erin,1,82,82,155,109
face-count,1457845990713,erin,1,84,84,155,110
face-count,1457845991235,erin,1,85,85,154,111
face-count,1457845991737,erin,1,86,86,154,110
face-count,1457845992255,erin,2,84,84,159,112,50,50,3,156
face-count,1457845992799,erin,2,86,86,160,112,46,46,0,158
face-count,1457845993324,erin,2,85,85,158,110,43,43,0,161
face-count,1457845993802,erin,2,84,84,158,108,44,44,0,161
face-count,1457845994330,erin,1,84,84,157,108
face-count,1457845994936,erin,1,87,87,157,108
face-count,1457845995367,erin,1,84,84,159,108
face-count,1457845995913,erin,1,85,85,162,109
face-count,1457845996468,erin,1,88,88,162,107
face-count,1457845996969,erin,2,88,88,164,109,66,66,145,163
face-count,1457845997566,erin,1,86,86,164,110
face-count,1457845997986,erin,3,92,92,162,106,76,76,123,136,47,47,124,134
face-count,1457845998493,erin,2,87,87,165,108,63,63,120,130
face-count,1457845999003,erin,3,85,85,166,105,51,51,124,132,47,47,113,120
face-count,1457845999499,erin,1,91,91,167,110
face-count,1457846000094,erin,1,100,100,161,122
face-count,1457846000679,erin,1,101,101,146,117
face-count,1457846001668,erin,1,100,100,146,113
face-count,1457846001730,erin,1,95,95,153,111
face-count,1457846002161,erin,1,95,95,151,108
face-count,1457846002727,erin,1,94,94,151,109
face-count,1457846003208,erin,1,91,91,153,109
face-count,1457846003823,erin,1,92,92,150,108
face-count,1457846004183,erin,1,93,93,150,107
face-count,1457846004774,erin,1,94,94,150,107
face-count,1457846005655,erin,1,93,93,151,108
face-count,1457846006001,erin,4,94,94,157,107,52,52,93,94,47,47,107,108,43,43,122,123
face-count,1457846006840,erin,1,96,96,160,109
face-count,1457846006860,erin,1,89,89,164,115
face-count,1457846007527,erin,1,89,89,165,115
face-count,1457846008029,erin,1,90,90,165,115
face-count,1457846008531,erin,1,87,87,165,116
face-count,1457846009326,erin,1,90,90,162,115
face-count,1457846009341,erin,1,87,87,165,116
face-count,1457846009974,erin,2,91,91,164,114,69,69,148,163
face-count,1457846010496,erin,1,88,88,163,112
face-count,1457846011183,erin,1,85,85,162,111
face-count,1457846011387,erin,1,86,86,160,111
face-count,1457846011877,erin,1,89,89,159,110
face-count,1457846012421,erin,1,89,89,160,112
face-count,1457846012947,erin,1,89,89,159,113
face-count,1457846013498,erin,1,90,90,159,113
face-count,1457846014013,erin,2,91,91,159,113,76,76,136,130
face-count,1457846014521,erin,1,87,87,160,114
face-count,1457846015028,erin,1,85,85,162,115
face-count,1457846015536,erin,1,92,92,159,111
face-count,1457846016053,erin,1,89,89,159,112
face-count,1457846016553,erin,1,87,87,161,113
face-count,1457846017055,erin,1,89,89,161,112
face-count,1457846017563,erin,1,88,88,161,114
face-count,1457846018073,erin,1,88,88,161,114
face-count,1457846018584,erin,1,88,88,161,115
face-count,1457846019096,erin,1,88,88,160,114
face-count,1457846019640,erin,1,88,88,160,114
face-count,1457846020129,erin,1,90,90,159,113
face-count,1457846020674,erin,1,89,89,161,110
face-count,1457846021160,erin,1,88,88,161,113
face-count,1457846021692,erin,2,88,88,156,111,50,50,5,152
face-count,1457846022206,erin,2,87,87,153,113,46,46,1,155
face-count,1457846022725,erin,1,89,89,154,115
face-count,1457846023240,erin,1,89,89,155,115
face-count,1457846023761,erin,1,91,91,154,115
face-count,1457846024256,erin,1,90,90,154,115
face-count,1457846024782,erin,1,88,88,157,113
face-count,1457846025296,erin,1,89,89,156,113
face-count,1457846025829,erin,1,90,90,154,114
face-count,1457846026352,erin,1,88,88,155,114
face-count,1457846026861,erin,1,88,88,157,112
face-count,1457846027364,erin,1,87,87,157,111
face-count,1457846027871,erin,1,85,85,155,108
face-count,1457846028417,erin,1,81,81,150,109
face-count,1457846029044,erin,1,84,84,157,109
face-count,1457846029447,erin,1,88,88,157,109
face-count,1457846029987,erin,2,92,92,155,106,84,84,10,137
face-count,1457846030498,erin,3,84,84,155,107,63,63,91,110,57,57,131,155
face-count,1457846031020,erin,3,87,87,157,107,57,57,6,95,57,57,106,126
face-count,1457846031522,erin,1,85,85,158,107
face-count,1457846032042,erin,2,83,83,159,110,47,47,67,81
face-count,1457846032564,erin,2,84,84,158,111,47,47,47,51
face-count,1457846033063,erin,1,86,86,156,110
face-count,1457846033560,erin,1,89,89,155,110
face-count,1457846034074,erin,1,87,87,159,111
face-count,1457846034601,erin,1,93,93,157,114
face-count,1457846035105,erin,1,90,90,158,113
face-count,1457846035639,erin,1,90,90,157,114
face-count,1457846036136,erin,1,89,89,160,114
face-count,1457846036661,erin,1,91,91,158,114
face-count,1457846037177,erin,1,92,92,157,114
face-count,1457846037690,erin,1,90,90,158,115
face-count,1457846038202,erin,1,91,91,158,116
face-count,1457846038710,erin,1,87,87,161,115
face-count,1457846039225,erin,1,90,90,153,114
face-count,1457846039759,erin,1,88,88,156,117
face-count,1457846040283,erin,1,91,91,154,115
face-count,1457846040777,erin,1,90,90,154,115
face-count,1457846041294,erin,1,91,91,154,114
face-count,1457846041850,erin,1,89,89,155,113
face-count,1457846042336,erin,1,88,88,154,113
face-count,1457846042845,erin,1,87,87,154,114
face-count,1457846043369,erin,1,89,89,155,112
face-count,1457846044018,erin,1,91,91,158,111
face-count,1457846044530,erin,1,88,88,158,107
face-count,1457846044950,erin,1,103,103,151,106
face-count,1457846045456,erin,1,95,95,156,110
face-count,1457846045997,erin,2,93,93,156,110,69,69,134,151
face-count,1457846046525,erin,1,89,89,160,112
face-count,1457846047024,erin,2,92,92,159,111,57,57,86,98
face-count,1457846047892,erin,1,90,90,160,114
face-count,1457846048140,erin,1,92,92,161,111
face-count,1457846048535,erin,2,89,89,159,115,43,43,64,74
face-count,1457846049166,erin,1,87,87,155,112
face-count,1457846049582,erin,1,91,91,155,113
face-count,1457846050193,erin,1,88,88,159,113
face-count,1457846050639,erin,1,88,88,160,114
face-count,1457846051105,erin,1,89,89,162,112
face-count,1457846051697,erin,1,87,87,160,114
face-count,1457846052132,erin,2,87,87,161,112,48,48,2,158
face-count,1457846052695,erin,1,88,88,158,113
face-count,1457846053240,erin,1,88,88,160,112
face-count,1457846053693,erin,1,88,88,160,113
face-count,1457846054478,erin,1,91,91,158,113
face-count,1457846055280,erin,1,92,92,155,114
face-count,1457846056545,erin,1,89,89,159,113
face-count,1457846057412,erin,1,91,91,166,111
face-count,1457846058046,erin,1,88,88,168,112
face-count,1457846059566,erin,1,86,86,163,112
face-count,1457846061040,erin,1,86,86,164,113
face-count,1457846064065,erin,1,89,89,161,111
face-count,1457846064214,erin,1,89,89,160,112
face-count,1457846065539,erin,2,82,82,159,107,57,57,139,98
face-count,1457846065541,erin,2,92,92,216,140,91,91,157,108
face-count,1457846065562,erin,1,86,86,153,106
face-count,1457846065801,erin,3,96,96,160,97,70,70,6,110,69,69,128,150
face-count,1457846065810,erin,2,90,90,163,107,76,76,110,130
face-count,1457846065812,erin,2,90,90,165,108,63,63,112,69
face-count,1457846066037,erin,1,87,87,172,114
face-count,1457846066040,erin,1,94,94,166,108
face-count,1457846066042,erin,3,92,92,169,109,84,84,118,74,63,63,142,96
face-count,1457846066043,erin,1,86,86,169,110
face-count,1457846066259,erin,2,90,90,169,107,84,84,122,144
face-count,1457846066262,erin,1,94,94,167,105
face-count,1457846066399,erin,1,91,91,170,110
face-count,1457846066401,erin,1,89,89,166,111
face-count,1457846066522,erin,1,110,110,154,114
face-count,1457846066640,erin,1,71,71,181,104
face-count,1457846067171,erin,1,77,77,176,107
face-count,1457846067667,erin,1,90,90,176,112
face-count,1457846068170,erin,1,87,87,175,113
face-count,1457846068699,erin,1,86,86,178,114
face-count,1457846069197,erin,1,87,87,174,114
face-count,1457846069699,erin,1,87,87,173,113
face-count,1457846070223,erin,1,88,88,169,114
face-count,1457846070723,erin,1,87,87,169,117
face-count,1457846071261,erin,1,88,88,172,115
face-count,1457846071767,erin,1,85,85,173,116
face-count,1457846072301,erin,1,89,89,174,119
face-count,1457846072811,erin,1,90,90,172,118
face-count,1457846073332,erin,1,86,86,175,117
face-count,1457846073842,erin,1,87,87,173,116
face-count,1457846074367,erin,1,87,87,173,116
face-count,1457846074870,erin,1,86,86,173,116
face-count,1457846075413,erin,1,85,85,177,114
face-count,1457846076027,erin,1,87,87,175,113
face-count,1457846076448,erin,1,85,85,175,113
face-count,1457846077234,erin,1,85,85,175,112
face-count,1457846077576,erin,1,83,83,176,113
face-count,1457846078166,erin,1,86,86,176,111
face-count,1457846078551,erin,1,84,84,178,112
face-count,1457846079139,erin,1,85,85,176,112
face-count,1457846079617,erin,1,84,84,175,113
face-count,1457846080114,erin,1,85,85,174,113
face-count,1457846080881,erin,1,83,83,173,114
face-count,1457846081171,erin,1,86,86,171,114
face-count,1457846083161,erin,2,88,88,171,114,69,69,144,96
face-count,1457846083165,erin,3,88,88,171,115,52,52,8,88,52,52,130,128
face-count,1457846083172,erin,2,91,91,169,113,63,63,111,110
face-count,1457846083305,erin,2,86,86,172,114,78,78,82,88
face-count,1457846083648,erin,1,84,84,165,113
face-count,1457846084152,erin,1,80,80,162,111
face-count,1457846084929,erin,1,82,82,162,113
face-count,1457846085254,erin,1,85,85,166,115
face-count,1457846085764,erin,1,85,85,165,117
face-count,1457846086222,erin,1,85,85,164,117
face-count,1457846086721,erin,1,82,82,162,115
face-count,1457846087266,erin,1,85,85,165,117
face-count,1457846087757,erin,1,85,85,166,117
face-count,1457846088278,erin,1,85,85,164,116
face-count,1457846088908,erin,1,85,85,169,113
face-count,1457846089605,erin,1,86,86,167,115
face-count,1457846090123,erin,1,86,86,167,116
face-count,1457846090346,erin,1,84,84,168,114
face-count,1457846090871,erin,1,87,87,166,115
face-count,1457846091373,erin,1,86,86,165,115
face-count,1457846091958,erin,1,83,83,167,115
face-count,1457846092442,erin,1,85,85,167,113
face-count,1457846092945,erin,1,83,83,167,115
face-count,1457846093487,erin,1,83,83,166,114
face-count,1457846094050,erin,2,83,83,168,114,63,63,130,123
face-count,1457846094556,erin,2,85,85,168,114,43,43,71,66
face-count,1457846095053,erin,3,84,84,164,113,84,84,158,146,69,69,2,97
face-count,1457846095561,erin,2,84,84,165,118,69,69,164,154
face-count,1457846096116,erin,1,86,86,160,117
face-count,1457846096597,erin,1,82,82,160,114
face-count,1457846097081,erin,1,83,83,171,115
face-count,1457846097687,erin,1,88,88,170,114
face-count,1457846098116,erin,1,85,85,170,113
face-count,1457846098709,erin,1,85,85,171,114
face-count,1457846099144,erin,1,88,88,172,115
face-count,1457846099664,erin,1,84,84,167,113
face-count,1457846100233,erin,1,84,84,171,115
face-count,1457846100681,erin,1,87,87,173,115
face-count,1457846101235,erin,1,81,81,164,110
face-count,1457846101796,erin,1,72,72,152,111
face-count,1457846102277,erin,1,76,76,165,108
face-count,1457846102745,erin,1,78,78,199,106
face-count,1457846103264,erin,1,86,86,216,110
face-count,1457846103780,erin,1,80,80,206,112
face-count,1457846104858,erin,1,81,81,188,113
face-count,1457846105347,erin,1,81,81,187,113
face-count,1457846105825,erin,1,81,81,187,114
face-count,1457846106336,erin,1,83,83,187,114
face-count,1457846106881,erin,1,81,81,187,114
face-count,1457846107370,erin,1,82,82,187,113
face-count,1457846107898,erin,1,83,83,186,111
face-count,1457846108923,erin,1,84,84,167,116
face-count,1457846109484,erin,1,88,88,191,116
face-count,1457846110074,erin,3,90,90,179,114,84,84,137,130,57,57,149,142
face-count,1457846110559,erin,2,89,89,174,114,54,54,128,122
face-count,1457846111061,erin,1,88,88,172,116
face-count,1457846111560,erin,1,89,89,172,116
face-count,1457846112096,erin,1,87,87,176,117
face-count,1457846112584,erin,1,86,86,177,116
face-count,1457846113114,erin,1,84,84,171,115
face-count,1457846113611,erin,1,83,83,182,112
face-count,1457846114278,erin,1,84,84,180,113
face-count,1457846116190,erin,1,85,85,182,112
face-count,1457846116274,erin,1,85,85,183,113
face-count,1457846117369,erin,2,87,87,180,115,40,40,9,84
face-count,1457846117466,erin,2,75,75,186,122,37,37,18,86
face-count,1457846117624,erin,1,95,95,178,112
face-count,1457846117646,erin,2,95,95,177,112,69,69,183,168
face-count,1457846117747,erin,1,86,86,181,116
face-count,1457846118275,erin,1,85,85,182,117
face-count,1457846118781,erin,1,86,86,180,118
face-count,1457846119324,erin,1,88,88,182,117
face-count,1457846119822,erin,1,84,84,185,115
face-count,1457846120380,erin,1,83,83,182,111
face-count,1457846120914,erin,1,85,85,183,113
face-count,1457846121345,erin,1,86,86,182,116
face-count,1457846121881,erin,1,84,84,182,114
face-count,1457846122548,erin,1,81,81,176,112
face-count,1457846123009,erin,1,85,85,166,113
face-count,1457846123519,erin,1,107,107,142,118
face-count,1457846124010,erin,1,126,126,138,87
face-count,1457846124587,erin,1,125,125,143,67
face-count,1457846125088,erin,1,111,111,152,86
face-count,1457846125595,erin,3,102,102,175,92,69,69,2,96,53,53,140,130
face-count,1457846126157,erin,1,94,94,178,91
face-count,1457846126949,erin,1,95,95,186,92
face-count,1457846127677,erin,1,99,99,177,96
face-count,1457846128234,erin,1,101,101,173,98
face-count,1457846128748,erin,1,93,93,177,102
face-count,1457846129259,erin,1,95,95,164,98
face-count,1457846129824,erin,1,91,91,170,97
face-count,1457846129827,erin,1,79,79,162,93
face-count,1457846131172,erin,1,96,96,172,95
face-count,1457846131180,erin,2,88,88,175,93,63,63,120,66
face-count,1457846132478,erin,1,86,86,168,94
face-count,1457846132484,erin,2,95,95,170,94,84,84,132,71
face-count,1457846133198,erin,1,91,91,170,96
face-count,1457846133201,erin,1,97,97,178,95
face-count,1457846133282,erin,1,94,94,176,97
face-count,1457846133848,erin,1,97,97,172,98
face-count,1457846134252,erin,1,96,96,166,99
face-count,1457846134976,erin,1,92,92,170,102
face-count,1457846135824,erin,1,98,98,167,100
face-count,1457846136241,erin,1,97,97,173,99
face-count,1457846136583,erin,2,93,93,175,99,57,57,138,128
face-count,1457846137077,erin,1,94,94,176,99
face-count,1457846137522,erin,1,101,101,174,97
face-count,1457846137911,erin,1,95,95,177,98
face-count,1457846138572,erin,2,96,96,177,98,74,74,149,137
face-count,1457846138942,erin,1,94,94,178,100
face-count,1457846139500,erin,1,96,96,179,98
face-count,1457846140185,erin,1,94,94,180,99
face-count,1457846140636,erin,1,96,96,180,99
face-count,1457846141602,erin,1,96,96,180,99
face-count,1457846141710,erin,1,93,93,179,99
face-count,1457846142423,erin,1,99,99,172,99
face-count,1457846143089,erin,1,96,96,172,101
face-count,1457846143310,erin,1,92,92,177,98
face-count,1457846143585,erin,1,98,98,173,100
face-count,1457846144080,erin,2,93,93,173,105,52,52,134,129
face-count,1457846144592,erin,1,102,102,168,108
face-count,1457846145121,erin,1,99,99,171,109
face-count,1457846145647,erin,1,98,98,167,110
face-count,1457846146189,erin,1,105,105,162,108
face-count,1457846147151,erin,2,101,101,167,110,63,63,133,125
face-count,1457846147182,erin,1,100,100,168,108
face-count,1457846148117,erin,2,101,101,166,110,92,92,78,58
face-count,1457846148832,erin,1,103,103,162,108
face-count,1457846148836,erin,1,101,101,159,104
face-count,1457846149204,erin,1,98,98,171,104
face-count,1457846149764,erin,1,94,94,164,101
face-count,1457846150296,erin,1,98,98,166,102
face-count,1457846150757,erin,1,105,105,162,108
face-count,1457846151266,erin,1,99,99,171,101
face-count,1457846152018,erin,1,105,105,159,99
face-count,1457846152715,erin,1,101,101,159,103
face-count,1457846153026,erin,1,98,98,162,103
face-count,1457846153348,erin,1,96,96,163,103
face-count,1457846153929,erin,1,98,98,165,102
face-count,1457846154398,erin,1,98,98,164,103
face-count,1457846154962,erin,1,97,97,167,101
face-count,1457846155612,erin,2,103,103,167,100,57,57,127,125
face-count,1457846156343,erin,1,100,100,163,103
face-count,1457846156904,erin,1,98,98,161,105
face-count,1457846157369,erin,1,95,95,161,101
face-count,1457846157936,erin,1,92,92,157,101
face-count,1457846159208,erin,1,100,100,158,99
face-count,1457846159210,erin,3,111,111,201,120,96,96,168,104,69,69,130,134
face-count,1457846159218,erin,1,94,94,158,104
face-count,1457846159641,erin,1,93,93,156,106
face-count,1457846160116,erin,2,95,95,157,105,68,68,150,153
face-count,1457846160623,erin,3,94,94,158,105,76,76,129,130,63,63,119,122
face-count,1457846161108,erin,3,96,96,154,104,63,63,95,95,47,47,114,115
face-count,1457846161607,erin,1,92,92,162,103
face-count,1457846162600,erin,2,94,94,162,102,92,92,68,76
face-count,1457846162690,erin,1,92,92,166,103
face-count,1457846163129,erin,1,93,93,162,102
face-count,1457846163666,erin,1,93,93,168,99
face-count,1457846164168,erin,1,93,93,166,99
face-count,1457846164808,erin,1,94,94,166,100
face-count,1457846165238,erin,1,94,94,172,98
face-count,1457846165770,erin,1,94,94,176,99
face-count,1457846166241,erin,1,94,94,175,99
face-count,1457846166779,erin,1,95,95,174,100
face-count,1457846167281,erin,1,95,95,172,100
face-count,1457846167784,erin,1,95,95,171,101
face-count,1457846168341,erin,1,94,94,172,101
face-count,1457846168808,erin,1,93,93,172,101
face-count,1457846169325,erin,1,95,95,170,100
face-count,1457846169836,erin,1,95,95,171,100
face-count,1457846170381,erin,1,95,95,170,100
face-count,1457846170884,erin,1,95,95,169,100
face-count,1457846171423,erin,1,96,96,168,101
face-count,1457846171923,erin,1,95,95,168,103
face-count,1457846172423,erin,1,95,95,167,104
face-count,1457846172944,erin,1,98,98,165,103
face-count,1457846173478,erin,1,98,98,164,103
face-count,1457846173983,erin,1,95,95,163,105
face-count,1457846174489,erin,1,95,95,161,105
face-count,1457846175036,erin,1,96,96,160,105
face-count,1457846175543,erin,1,100,100,158,103
face-count,1457846176109,erin,1,97,97,160,105
face-count,1457846176620,erin,3,101,101,157,101,81,81,5,122,69,69,167,165
face-count,1457846177127,erin,2,94,94,160,106,76,76,147,148
face-count,1457846177641,erin,3,97,97,157,103,63,63,3,91,63,63,120,122
face-count,1457846178125,erin,3,95,95,162,105,47,47,1,60,47,47,84,78
face-count,1457846178655,erin,1,94,94,164,104
face-count,1457846179178,erin,1,96,96,165,103
face-count,1457846179688,erin,1,96,96,166,103
face-count,1457846180189,erin,1,96,96,165,103
face-count,1457846180758,erin,1,96,96,165,103
face-count,1457846181232,erin,1,95,95,165,103
face-count,1457846181726,erin,1,92,92,164,101
face-count,1457846182263,erin,1,95,95,163,98
face-count,1457846182804,erin,1,92,92,158,102
face-count,1457846183310,erin,1,94,94,156,104
face-count,1457846183803,erin,1,100,100,157,104
face-count,1457846184364,erin,1,98,98,157,103
face-count,1457846184845,erin,1,96,96,156,102
face-count,1457846185387,erin,1,98,98,157,102
face-count,1457846185848,erin,1,99,99,154,104
face-count,1457846186383,erin,1,98,98,154,103
face-count,1457846186885,erin,1,95,95,157,101
face-count,1457846187668,erin,1,95,95,153,100
face-count,1457846187920,erin,1,98,98,153,101
face-count,1457846188473,erin,1,101,101,159,103
face-count,1457846188972,erin,1,97,97,165,106
face-count,1457846189471,erin,1,98,98,161,105
face-count,1457846189982,erin,1,95,95,160,106
face-count,1457846190508,erin,1,96,96,157,107
face-count,1457846191020,erin,1,95,95,159,107
face-count,1457846191535,erin,1,96,96,160,105
face-count,1457846192119,erin,1,96,96,156,106
face-count,1457846192692,erin,1,94,94,157,107
face-count,1457846193192,erin,1,97,97,158,105
face-count,1457846193706,erin,3,101,101,134,129,94,94,158,105,69,69,119,117
face-count,1457846194162,erin,1,95,95,155,104
face-count,1457846194693,erin,3,94,94,158,103,52,52,2,75,50,50,104,104
face-count,1457846195244,erin,1,95,95,166,100
face-count,1457846195748,erin,1,97,97,170,104
face-count,1457846196344,erin,1,96,96,168,103
face-count,1457846196751,erin,1,97,97,164,103
face-count,1457846197234,erin,1,95,95,157,105
face-count,1457846197789,erin,1,97,97,155,106
face-count,1457846198231,erin,1,99,99,157,108
face-count,1457846198752,erin,1,98,98,162,107
face-count,1457846199266,erin,1,97,97,172,104
face-count,1457846199788,erin,1,97,97,170,102
face-count,1457846200304,erin,1,98,98,172,102
face-count,1457846200818,erin,1,93,93,170,104
face-count,1457846201341,erin,1,96,96,169,103
face-count,1457846201852,erin,1,97,97,163,104
face-count,1457846202365,erin,1,98,98,161,106
face-count,1457846202905,erin,1,96,96,162,106
face-count,1457846203389,erin,1,97,97,161,106
face-count,1457846203912,erin,1,96,96,162,106
face-count,1457846205943,erin,1,96,96,161,106
face-count,1457846206005,erin,1,98,98,166,106
face-count,1457846206189,erin,1,100,100,165,106
face-count,1457846206196,erin,1,97,97,165,105
face-count,1457846206502,erin,1,98,98,168,105
face-count,1457846207003,erin,1,97,97,165,107
face-count,1457846207560,erin,1,99,99,162,107
face-count,1457846208048,erin,1,98,98,161,105
face-count,1457846208556,erin,1,99,99,163,104
face-count,1457846209113,erin,1,92,92,159,107
face-count,1457846209631,erin,1,98,98,146,110
face-count,1457846210177,erin,2,99,99,150,110,84,84,128,127
face-count,1457846210695,erin,1,96,96,152,111
face-count,1457846211188,erin,1,98,98,151,106
face-count,1457846211695,erin,1,94,94,150,106
face-count,1457846212185,erin,2,92,92,152,107,45,45,93,90
face-count,1457846212701,erin,3,94,94,150,108,47,47,73,72,43,43,95,93
face-count,1457846213215,erin,1,91,91,152,109
face-count,1457846213745,erin,2,93,93,155,107,52,52,81,79
face-count,1457846214243,erin,1,97,97,158,104
face-count,1457846214753,erin,1,94,94,154,107
face-count,1457846215277,erin,1,97,97,153,106
face-count,1457846215817,erin,1,96,96,157,105
face-count,1457846216303,erin,1,96,96,159,104
face-count,1457846216912,erin,1,97,97,158,103
face-count,1457846217332,erin,1,95,95,154,105
face-count,1457846217854,erin,1,94,94,149,105
face-count,1457846218370,erin,1,96,96,150,105
face-count,1457846218889,erin,1,94,94,150,106
face-count,1457846219404,erin,1,96,96,152,104
face-count,1457846219955,erin,1,95,95,156,105
face-count,1457846220449,erin,1,97,97,161,104
face-count,1457846220971,erin,1,93,93,171,103
face-count,1457846221487,erin,1,96,96,170,103
face-count,1457846222016,erin,1,96,96,171,102
face-count,1457846222509,erin,1,96,96,170,102
face-count,1457846223028,erin,1,95,95,169,103
face-count,1457846223527,erin,1,96,96,168,103
face-count,1457846224045,erin,1,95,95,167,103
face-count,1457846224562,erin,1,94,94,168,104
face-count,1457846225105,erin,1,92,92,169,104
face-count,1457846225693,erin,1,93,93,168,104
face-count,1457846226107,erin,1,95,95,166,103
face-count,1457846226688,erin,1,98,98,164,102
face-count,1457846227207,erin,2,96,96,166,105,69,69,133,122
face-count,1457846227717,erin,2,96,96,168,104,60,60,108,98
face-count,1457846228188,erin,2,93,93,173,105,40,40,74,67
face-count,1457846228717,erin,1,95,95,171,104
face-count,1457846229233,erin,1,96,96,164,103
face-count,1457846229768,erin,1,95,95,161,104
face-count,1457846230244,erin,1,97,97,159,105
face-count,1457846230767,erin,1,98,98,157,104
face-count,1457846231267,erin,1,98,98,157,103
face-count,1457846231787,erin,1,97,97,161,103
face-count,1457846232301,erin,1,97,97,161,104
face-count,1457846232823,erin,1,96,96,160,104
face-count,1457846233335,erin,1,98,98,175,106
face-count,1457846233851,erin,1,102,102,171,104
face-count,1457846234390,erin,1,94,94,171,106
face-count,1457846234887,erin,1,98,98,168,107
face-count,1457846235429,erin,1,98,98,169,108
face-count,1457846235926,erin,1,98,98,168,107
face-count,1457846236444,erin,1,100,100,164,106
face-count,1457846237030,erin,1,97,97,168,108
face-count,1457846237474,erin,1,98,98,166,108
face-count,1457846237984,erin,1,98,98,167,108
face-count,1457846238515,erin,1,99,99,167,108
face-count,1457846239016,erin,1,97,97,165,107
face-count,1457846239540,erin,1,98,98,167,106
face-count,1457846240046,erin,1,100,100,166,107
face-count,1457846240563,erin,1,96,96,163,108
face-count,1457846241077,erin,1,96,96,165,106
face-count,1457846241631,erin,1,90,90,160,100
face-count,1457846242217,erin,1,93,93,154,103
face-count,1457846242719,erin,1,94,94,159,106
face-count,1457846243201,erin,2,97,97,159,104,84,84,121,113
face-count,1457846243725,erin,3,93,93,159,106,92,92,154,140,69,69,129,120
face-count,1457846244207,erin,2,100,100,156,103,60,60,133,123
face-count,1457846244725,erin,2,96,96,155,105,43,43,76,75
face-count,1457846245253,erin,1,97,97,154,106
face-count,1457846245736,erin,1,95,95,156,107
face-count,1457846246257,erin,1,97,97,160,108
face-count,1457846246910,erin,1,96,96,159,106
face-count,1457846247544,erin,1,98,98,157,106
face-count,1457846248230,erin,1,95,95,157,107
face-count,1457846248880,erin,1,99,99,158,106
face-count,1457846248898,erin,1,97,97,160,108
face-count,1457846249436,erin,1,96,96,159,108
face-count,1457846249857,erin,1,97,97,158,108
face-count,1457846250367,erin,1,98,98,161,107
face-count,1457846250900,erin,1,96,96,159,107
face-count,1457846251438,erin,1,99,99,156,107
face-count,1457846251924,erin,1,92,92,162,106
face-count,1457846252442,erin,1,95,95,175,99
face-count,1457846252958,erin,1,88,88,173,96
face-count,1457846253470,erin,1,91,91,174,96
face-count,1457846253989,erin,1,92,92,154,98
face-count,1457846254516,erin,1,91,91,147,100
face-count,1457846255023,erin,1,92,92,110,107
face-count,1457846257087,erin,1,87,87,123,101
face-count,1457846257771,erin,1,97,97,172,98
face-count,1457846258275,erin,2,93,93,173,102,54,54,128,129
face-count,1457846258703,erin,1,93,93,171,105
face-count,1457846259277,erin,1,89,89,174,106
face-count,1457846259754,erin,4,90,90,179,104,69,69,152,136,57,57,177,159,43,43,72,160
face-count,1457846260258,erin,1,93,93,172,105
face-count,1457846260754,erin,3,95,95,171,105,47,47,111,107,43,43,126,122
face-count,1457846261247,erin,2,93,93,172,108,37,37,77,80
face-count,1457846261750,erin,1,96,96,173,108
face-count,1457846262293,erin,1,93,93,171,109
face-count,1457846262775,erin,1,94,94,168,110
face-count,1457846263313,erin,1,94,94,164,109
face-count,1457846263813,erin,1,93,93,167,110
face-count,1457846264334,erin,1,94,94,166,106
face-count,1457846264862,erin,1,93,93,155,106
face-count,1457846265486,erin,1,103,103,143,107
face-count,1457846265877,erin,1,131,131,99,87
face-count,1457846266396,erin,2,128,128,144,81,35,35,268,139
face-count,1457846268197,erin,1,117,117,152,87
face-count,1457846268848,erin,2,122,122,136,82,52,52,63,61
face-count,1457846268849,erin,1,105,105,139,98
face-count,1457846268893,erin,1,109,109,142,106
face-count,1457846268973,erin,1,105,105,145,103
face-count,1457846269486,erin,1,107,107,136,106
face-count,1457846270023,erin,1,106,106,136,105
face-count,1457846270528,erin,1,106,106,134,97
face-count,1457846271040,erin,1,100,100,140,97
face-count,1457846271597,erin,1,102,102,138,98
face-count,1457846272061,erin,1,100,100,141,98
face-count,1457846272604,erin,1,105,105,143,102
face-count,1457846273101,erin,1,105,105,141,98
face-count,1457846273646,erin,1,92,92,153,92
face-count,1457846274128,erin,1,73,73,154,94
face-count,1457846274708,erin,1,83,83,157,96
face-count,1457846275210,erin,1,87,87,152,99
face-count,1457846275768,erin,1,89,89,153,99
face-count,1457846276256,erin,1,83,83,151,102
face-count,1457846276760,erin,1,88,88,162,98
face-count,1457846277265,erin,1,84,84,181,101
face-count,1457846277758,erin,1,93,93,169,106
face-count,1457846278271,erin,1,88,88,167,109
face-count,1457846278775,erin,1,86,86,165,110
face-count,1457846279300,erin,1,87,87,161,109
face-count,1457846279816,erin,1,87,87,162,105
face-count,1457846280330,erin,1,90,90,160,103
face-count,1457846280841,erin,1,89,89,158,109
face-count,1457846281362,erin,1,91,91,156,112
face-count,1457846281876,erin,1,91,91,157,112
face-count,1457846282394,erin,1,90,90,157,111
face-count,1457846282915,erin,1,89,89,157,109
face-count,1457846283485,erin,1,89,89,156,109
face-count,1457846283960,erin,1,91,91,157,106
face-count,1457846284479,erin,1,91,91,155,106
face-count,1457846285093,erin,1,95,95,151,106
face-count,1457846285495,erin,1,92,92,151,104
face-count,1457846286012,erin,1,94,94,152,111
face-count,1457846287892,erin,1,96,96,152,109
face-count,1457846288012,erin,1,98,98,147,112
face-count,1457846288085,erin,1,95,95,148,110
face-count,1457846288105,erin,1,90,90,155,107
face-count,1457846288734,erin,1,92,92,155,107
face-count,1457846289128,erin,1,91,91,154,108
face-count,1457846289650,erin,1,91,91,151,108
face-count,1457846290158,erin,1,91,91,151,110
face-count,1457846290966,erin,1,91,91,151,117
face-count,1457846291281,erin,2,99,99,142,114,63,63,117,115
face-count,1457846291807,erin,1,96,96,144,116
face-count,1457846292320,erin,1,97,97,141,114
face-count,1457846293015,erin,1,95,95,143,115
face-count,1457846293580,erin,1,94,94,144,115
face-count,1457846294265,erin,1,102,102,141,111
face-count,1457846294301,erin,2,96,96,144,114,57,57,123,106
face-count,1457846294896,erin,1,93,93,144,115
face-count,1457846295355,erin,1,95,95,145,115
face-count,1457846295858,erin,1,91,91,148,115
face-count,1457846296420,erin,1,93,93,151,110
face-count,1457846296853,erin,1,88,88,164,102
face-count,1457846297353,erin,1,84,84,172,101
face-count,1457846297882,erin,1,85,85,159,104
face-count,1457846298412,erin,1,87,87,159,103
face-count,1457846298968,erin,1,85,85,159,106
face-count,1457846299434,erin,1,87,87,159,104
face-count,1457846299967,erin,1,84,84,160,106
face-count,1457846300463,erin,1,86,86,158,105
face-count,1457846300978,erin,1,87,87,159,105
face-count,1457846301527,erin,1,88,88,158,103
face-count,1457846302040,erin,1,101,101,146,118
face-count,1457846302518,erin,1,87,87,158,105
face-count,1457846303095,erin,1,100,100,123,108
face-count,1457846303580,erin,1,84,84,164,95
face-count,1457846304095,erin,1,75,75,187,97
face-count,1457846305408,erin,1,93,93,126,98
face-count,1457846309278,erin,1,57,57,140,140
face-count,1457846309779,erin,1,69,69,152,148
face-count,1457846313358,erin,1,83,83,159,106
face-count,1457846313872,erin,1,90,90,162,108
face-count,1457846314402,erin,1,97,97,170,111
face-count,1457846314914,erin,1,96,96,172,113
face-count,1457846315436,erin,1,94,94,174,113
face-count,1457846316970,erin,1,92,92,172,111
face-count,1457846317490,erin,1,101,101,170,109
face-count,1457846318037,erin,1,96,96,172,109
face-count,1457846318555,erin,1,99,99,176,108
face-count,1457846320595,erin,1,89,89,180,108
face-count,1457846322661,erin,1,92,92,172,110
face-count,1457846323163,erin,1,92,92,174,110
face-count,1457846323729,erin,1,88,88,162,106
face-count,1457846324328,erin,1,94,94,145,106
face-count,1457846325000,erin,1,93,93,143,107
face-count,1457846325279,erin,1,88,88,151,105
face-count,1457846325816,erin,1,96,96,141,106
face-count,1457846326307,erin,1,100,100,145,111
face-count,1457846326829,erin,1,95,95,151,112
face-count,1457846327321,erin,1,99,99,147,111
face-count,1457846327877,erin,1,95,95,148,110
face-count,1457846328351,erin,1,94,94,147,109
face-count,1457846328857,erin,1,92,92,147,109
face-count,1457846329366,erin,1,94,94,151,106
face-count,1457846329879,erin,1,93,93,148,105
face-count,1457846330414,erin,2,92,92,145,106,43,43,134,45
face-count,1457846331050,erin,1,90,90,145,106
